1,2,3,4,5,6,7,8,9,10,11,12,13,14,15,16,17,18,19,20,21,22,23,24,25,26,27,28,29,30,31,32,33,34,35,36,37,38,39,40,41,42,43,44,45,46,47,48,49,50,51,52,53,54,55,56,60,61,62,63,64,temperature,humidity
0.2424282957216288,0.24178175080702147,0.7430530747639703,0.7425028816700314,0.7430288017626194,0.13971782804217295,0.1394943121074435,0.1399027221894617,0.5499239863803695,0.5506140560381129,0.5511024561844337,-0.43605331306784056,-0.4346906298793685,-0.43395718869694055,0.3118040089086858,0.31910377358490516,0.030443501132841895,0.03262506055012251,0.133075028447146,0.13280440041469868,0.13313843805354353,0.2181810618221682,0.2181538943126015,0.21806721045322067,0.1421187256308418,0.14204144254532622,0.14199518079793222,0.18101120947590002,0.18107206950605212,0.18103471444568867,0.0036356765420675966,0.003707051853200746,0.5796531473275804,0.5834653118057848,0.18933775511363,0.18797729223881815,0.19029916639121205,0.4333284245938871,0.4378639805945249,0.43915010416358125,0.5225850190169048,0.520629482062273,0.520237983863614,0.10416380392091723,0.10486416664523908,0.10516777837958655,0.1928442392613407,0.20115857676257412,-0.3886608656860489,0.44689925351237486,0.1515909624921163,0.15097575209072067,0.1519910228906391,0.15935840468191179,0.15978759527507846,0.15982276449796531,0.06382488132772594,0.06384479894317566,0.0639095489443378,0.14301942766180686,0.1463869362409049,0.4056292374786025,0.9400660615872164
0.234536525710355,0.23595591465627555,0.7039231946925236,0.7036751641437461,0.70421360299034,0.14012398147605368,0.13973339569691298,0.14026970963033594,0.5421592893668883,0.5429587821955177,0.5423833155348953,-0.5003420021377379,-0.5004481862951268,-0.49991882121697684,0.3131875548356623,0.3120619946091647,0.031602385478788596,0.030595813204508954,0.13257090181053488,0.13198364243750726,0.13236077708492336,0.2188344230844524,0.21864789779508148,0.21862468947440494,0.14349494262952137,0.1434121305891882,0.14321360587646806,0.17732609303079444,0.1772607492774725,0.17727510265024263,0.002462877657529647,0.002757526290802053,0.577130196959739,0.5803828615767268,0.1887994185056048,0.18744915250428143,0.18992786861492345,0.43587676911494644,0.44499105228723695,0.4384917508367642,0.5076180215544676,0.5107711664705904,0.5100310624837906,0.1046141673071667,0.10544006497857494,0.10448706858697686,0.20787613185244677,0.20142763013397727,-0.5222270035468425,-1.1897126767634454,0.1498856089929882,0.14924110918235628,0.15011295618586667,0.15789169466421016,0.1577357945309396,0.15856505742806126,0.06311811086772366,0.06308920958347511,0.06313979526551504,0.13822220614304828,0.13892939273252222,0.3907285776939436,0.9605959615696699
0.2409569487703742,0.24120871774301367,0.747862975248788,0.74616785648328,0.7476391214921135,0.13941216617956168,0.13933457503674995,0.1398086228456478,0.5511678456106848,0.5522733272158185,0.5527482882090582,-0.42531123970312984,-0.4276498556615458,-0.42632607629516833,0.31720321252615225,0.31593665768194096,0.03342534961847973,0.03143369597947216,0.13331988995635696,0.13342356871328195,0.1336136753121445,0.21826670842958373,0.21805118071723437,0.2180085284509908,0.14197215398065255,0.14180131253764205,0.1418745061096427,0.1815909242323751,0.18187078359628486,0.18146671643648127,0.0036161298939920115,0.0038501310475348573,0.5797909555409503,0.5898746824544806,0.18978977614737244,0.18915717887980452,0.1911277943553682,0.4362520120581741,0.4355528489785121,0.43689977587551715,0.5218881078268579,0.5225144213852349,0.5249761080590742,0.10454357388451067,0.10453481178750075,0.10401517010394958,0.19440541504973446,0.2027674061058644,-0.9074255709247674,-0.5343194430636133,0.1511494750380273,0.15197227538661637,0.15179554559198685,0.16008814710451202,0.15959252971137533,0.1599311875212329,0.06393515756971212,0.06397490042232941,0.06397952655150353,0.1452190586447668,0.14568325752464698,0.4105962896363757,0.939072717249248
0.270842489442608,0.27284014287624425,0.8505230926256697,0.8497837951435104,0.8490406841612592,0.1615244990076457,0.16112772283843377,0.16158321100418635,0.5825533037655012,0.5822156298316847,0.5816697028707832,-0.16059118175510045,-0.16268751056199288,-0.1618245151075742,0.34622393197003426,0.34535040431266845,0.036967108518451176,0.03426155034497215,0.13614299912137925,0.1360298352724339,0.1357738446694221,0.21472583297443326,0.21461516639602451,0.2146269780724919,0.15055502662934495,0.15043301281385646,0.1503541737222432,0.20037746092891576,0.20095626592199692,0.2008878934925967,0.009063129157734839,0.009157068437380041,0.6047448427926306,0.6092941188975461,0.2227055389612603,0.21924765932964457,0.22093123293501837,0.44081123350584794,0.43674876412915875,0.43941628901197627,0.574471716428259,0.5738271850664468,0.5748596385477962,0.12123344452111987,0.12151190139471009,0.12096318551075659,0.20944288326865657,0.19240061497913463,-1.8970360835713993,-0.06323837108587219,0.16765764317425774,0.1675172969738332,0.16793108311744226,0.16995773274086926,0.16972148972293455,0.16961697759980343,0.06945899478192875,0.06949920938331897,0.06948776391554704,0.16502297311964112,0.1681211778275915,0.46357624775227657,0.80894040367747
0.25563220147899074,0.2543693771130596,0.7984721867823423,0.7985282785762959,0.7985500417093844,0.1464486697428253,0.14627008719764797,0.14652104270437333,0.5642095211770175,0.5656229180546304,0.5644826936365349,-0.31942976656865285,-0.32079382648593846,-0.31592058313476956,0.3271242491732473,0.32917789757412397,0.03261803692804499,0.03460194022230068,0.1343857577023347,0.13420112890220023,0.13418972047408517,0.21728789005912055,0.21708762937021894,0.21714785908495202,0.14346900074453212,0.14351856659259415,0.14360287906449867,0.1885097154425868,0.18846864001497837,0.18861764339927833,0.00554473250412099,0.005976808163318491,0.5876778255984059,0.595848258415621,0.19997955683767002,0.19913789616098607,0.20062758380236087,0.43908503721716996,0.4391224864327795,0.4381560577786992,0.5432529396496243,0.5424265365335836,0.5441843995987811,0.10925030540149155,0.11094834536052069,0.11023880249352362,0.2067833088005708,0.2081320008785416,-0.14372603747631965,-0.5446608893096442,0.1571373805077724,0.1572058772619595,0.15698435439291922,0.16423539612008237,0.16318318101361837,0.1638199599557634,0.06589005458673977,0.06592141870659111,0.06593889955214333,0.15414782388480885,0.1541419109592519,0.4304636704530345,0.9076158639862297
0.21458735405957988,0.2118312226615476,0.5852098749681041,0.5840651607685303,0.5846000038207069,0.1975664291157579,0.19650478584792194,0.19634141751251524,0.49995602517872606,0.49970459944942364,0.499038884352032,-0.588472854041505,-0.589784149393827,-0.5894943251605219,0.3044138489572794,0.3054582210242583,0.03247480403135516,0.03346294332508571,0.13017990119117925,0.130054141227969,0.13090626305102332,0.2210025057750284,0.22074618981472421,0.2208961719773879,0.1711645571590523,0.17144503748624124,0.1710336630477236,0.17771986154462655,0.17823075865887736,0.17787532661440839,0.001570247395409049,0.001404777544370951,0.5751372781817795,0.5793093185659172,0.22052039205442422,0.21794191811361974,0.22027240578318916,0.4591331691136864,0.45533701739233806,0.45708480199046236,0.5026104539048954,0.5012066692020344,0.5044604210902777,0.1478128119134517,0.1481401092958991,0.14888397139511206,0.2375998037379014,0.23169338897430297,-0.8494425291426402,-0.4929187050164465,0.1708828512422245,0.17116462169206192,0.17143359091797622,0.15296412701853257,0.1529675251959687,0.1532523292879498,0.0656594769898596,0.06562118452392864,0.06565399072296867,0.12336746137983427,0.12693058245736222,0.3476822272049291,0.5496688228586482
0.2339441652494606,0.23416041105571822,0.6993971676448073,0.6983130289695403,0.6985844280720075,0.13950114309162318,0.13919989476145928,0.13972811562927367,0.5410913294216683,0.5412995110178122,0.5410767007977889,-0.5056147881490746,-0.5059825623082066,-0.5062726229592245,0.3104542080043192,0.31287061994609117,0.03127685616812946,0.028815312307712736,0.13162026301006816,0.13150846676650146,0.13145350595486688,0.21840129595552243,0.21798759611057852,0.21831905404612412,0.14375954985641165,0.14400142260804558,0.14350037045831732,0.17717097210110302,0.17736332727160461,0.17729401517979346,0.0015637318460505996,0.0015673675379323873,0.5755295015582925,0.5800214708602165,0.18700269168304015,0.1862692658632951,0.18926224943060124,0.43891690632865143,0.44068016788475756,0.4426124818577649,0.5092334806565662,0.507447939065871,0.5080806274550671,0.10564702080656191,0.10660849954850783,0.10626724153852474,0.19216401266782643,0.2100757742148031,-0.4283386090604644,-0.22156176534919006,0.15028381336334296,0.15084222291459565,0.15031709387116804,0.1582385029442578,0.1576490987248492,0.15829038576911678,0.06339380147268911,0.06342447108744821,0.0634247040946897,0.1395173835968308,0.13808062562115983,0.3907285776939436,0.9771522524121768
0.2680335543538494,0.2678929574236434,0.8484817555498851,0.8475548790972254,0.8482256000101885,0.1621640859872878,0.16181156454630496,0.16218962899765377,0.5789976253596514,0.5791107814915842,0.5792700546516741,-0.1546306410466329,-0.1573496212712717,-0.15645326002649887,0.3430181548221636,0.34403638814016124,0.036172817000442614,0.03571475328279844,0.1360565774122459,0.1360874323234651,0.136551505638042,0.21496809052112284,0.21490129712597575,0.2149179430002152,0.15138257276050193,0.1513662748437208,0.15127156086870205,0.20156572702494954,0.20158866423533583,0.2016543486375513,0.010144710351253075,0.010015543603384473,0.6114020395615576,0.616139284233799,0.22460902452043746,0.22232435420871186,0.22421178462917757,0.4441297513710346,0.4416513076729884,0.4451364987214043,0.5773755130534547,0.5784121726087869,0.5799293485404895,0.12310058392463188,0.12322106782063134,0.12288281727917355,0.21771153931932724,0.20209751811992124,0.22224908350009934,-1.1046392515727035,0.16863955084525684,0.16821585238596853,0.16786674881661998,0.1704923955059426,0.17041505617165775,0.17065783862317233,0.06973468538689419,0.06971938111727148,0.06973768394113884,0.1685756665822509,0.16815744992636766,0.4668876710450874,0.796357589524583
0.235530162612501,0.2348671518346613,0.7076550140341924,0.7070058015500519,0.7072319614872737,0.13809426109385076,0.1378885891353735,0.13816292987716897,0.5438680252792399,0.5443666486493285,0.544795527357246,-0.49926124475653255,-0.49998971727629193,-0.500246336770701,0.31150030370520404,0.31266846361185985,0.03075600927107485,0.032533417121610834,0.13300301035620157,0.1328907959912452,0.1329080199887672,0.21932872636153633,0.21915412908653378,0.2191357119104904,0.14275430181307833,0.14277351456875248,0.14273350227789694,0.17717395519590473,0.17735237234019247,0.1770461615030484,0.0029710905074960443,0.003173756674319188,0.5651408823965904,0.5799258086117283,0.18783177548864838,0.18743566808552717,0.18761857756727507,0.43605749997637505,0.4381852007271541,0.4376110502256054,0.510688934638501,0.5100070018802003,0.5078816759767273,0.10217775046319852,0.10281089812914342,0.1026552581816153,0.18646572104018933,0.23230287722380832,-0.21404641570648153,-0.657995031055573,0.14864523947911903,0.14839171525645017,0.14942631124439854,0.15728478017412661,0.15763464942383407,0.15782778086984192,0.06279730725467295,0.062834010528212,0.06289487364043504,0.13817155674541454,0.14287579707937065,0.3940398354238683,0.9516556638524616
0.2385301817209031,0.2392222031211204,0.7298928298035212,0.7291612270501252,0.7299524321983711,0.1375415574518687,0.13756598289456096,0.137936045903751,0.5469211342991044,0.5479365957286338,0.5485143539167034,-0.4591422207572332,-0.45964444361881496,-0.45969991121965537,0.31986906931227677,0.32156334231805855,0.03251386754863416,0.028946231491300708,0.13192273899203488,0.13212763506508474,0.13204395224585613,0.21793880427547863,0.21783841684111674,0.21772734385697246,0.14248839749193856,0.14249833855994684,0.14243895223228709,0.17977819695783986,0.18026937180439676,0.18009605574219237,0.00259318864470053,0.0028810946859086028,0.5741408187927998,0.5814882920036994,0.19175913411850223,0.18890097492347602,0.19134061137348485,0.4370454166023543,0.43950078612329024,0.43915010416358125,0.5193932131754143,0.518318032270256,0.5179476733927265,0.10554584948425276,0.1065642578511997,0.10644589959040565,0.19392591105758544,0.2077256753788714,-0.4283386090604644,-0.394215915451431,0.1505867949494825,0.15034767041042904,0.14931743781223786,0.1590332719193671,0.15879059350503916,0.16006852335070526,0.06373966786800937,0.06378975600968756,0.06383457293666026,0.1426504106219022,0.1444064796477253,0.40397360861364073,0.9682119546949685
0.22614793724800783,0.22485817431665825,0.6445139066088289,0.6435549300438778,0.6428785206222658,0.13795085124735162,0.1379042496325003,0.13823298161089712,0.5317309746076818,0.5326134778072483,0.5328224134681827,-0.586802592634187,-0.5873608131514136,-0.587037958507591,0.30458257407032524,0.30498652291105144,0.02824292299278645,0.030176871817027353,0.13051118440952358,0.13002534270245364,0.13027261337288834,0.21896656356446498,0.21874816582865417,0.21873716331201223,0.14657294728349554,0.14668309069385893,0.14644716849170913,0.17239205422868603,0.17273636260424616,0.17244842602961302,0.0005016973006077111,0.0006048347760484955,0.5676532321326352,0.5703489546242071,0.18888119115492505,0.1858602384944197,0.1873921764841723,0.4372265412129364,0.44027273793712113,0.44131433705557693,0.4944324144298544,0.49388490614992553,0.49526720486199505,0.10457603930883375,0.10506041827688803,0.10483232338765819,0.19175699183728076,0.205243795299802,-0.4283386090604644,-0.21104788399224866,0.14982253935668968,0.14976657121803327,0.1503368890406518,0.15573136808641302,0.15617527002131262,0.15587616645102548,0.06302788485155315,0.0630141510378095,0.0631048064619322,0.13367823161245973,0.13477261021277212,0.377483546774247,0.9877482454387999
0.22175300479620877,0.2200064943747253,0.6019966828272519,0.6020365924331486,0.6016403568540297,0.15302144657616842,0.15296442770279298,0.15343525337816644,0.5236898644319081,0.5240028660138527,0.5246183805515423,-0.6252513552261685,-0.6249552726958809,-0.6263398249544846,0.30785584126341325,0.3110849056603771,0.030560691684679373,0.03079219197989091,0.13035274460944576,0.13028452943209298,0.13037342127622809,0.22063789593203081,0.22057989161270128,0.22050251354576222,0.154704431133375,0.15480597495379123,0.15461801270847203,0.17111628401846732,0.17141380361194047,0.17114644767948242,0.0007558037255910283,0.0010665903577631163,0.5720418936968645,0.5743667690607036,0.1961316993946553,0.19343623443111482,0.19563996794160654,0.4462619030369085,0.4477855887106869,0.44554920371631956,0.4912986845208676,0.4911777494227299,0.49130712305504204,0.11410313132792642,0.11331017135527827,0.11312484617127122,0.21949016459253348,0.22825060399736405,-0.3886608656860489,-1.4524455306811332,0.15648195095408282,0.15530555926469927,0.1560663534081096,0.1549221487663017,0.15563342123324775,0.15530513852848277,0.06408553426332962,0.06405996677408377,0.06410448656429944,0.1300170037263486,0.13293724201469748,0.3642385158545498,0.9049667912262653
0.25884241300900035,0.2591637537485912,0.8209173258484308,0.8193941169353041,0.8208438668101554,0.15400542654484856,0.1536712381397835,0.15412113303974337,0.5709565151838777,0.571266954106068,0.5715811294679314,-0.2557305815248674,-0.256575416061983,-0.25588698213713984,0.3385975568603634,0.3417115902964962,0.03480559389567426,0.03406517156959019,0.13519236032091253,0.13505068540490722,0.13535621192701514,0.21657824674053475,0.21638575313521022,0.21633853647086446,0.14622662311888907,0.14602889867292476,0.14596836247043146,0.19310964762689836,0.19316631378508817,0.19291974617394547,0.006886935671980993,0.007420607306144092,0.5979286365467381,0.5987074967315404,0.2069665754295904,0.20694312721650132,0.20770940968181595,0.4327626070603949,0.44018849638273067,0.4442131453452208,0.5617673098872498,0.5567193762521341,0.5562778073178617,0.11433227682285808,0.11543452909439897,0.11419754831399943,0.2022893527811235,0.2100757742148031,-0.4778143665329227,0.3654539562632895,0.16186018327294313,0.16211678362833384,0.1617005535224266,0.16691593511795083,0.16615251237221404,0.16708710705689322,0.06768956235369603,0.06774784331778785,0.06773832373640436,0.15936471184110557,0.16038796636851016,0.4403976092056936,0.8599336801346462
0.23992509506430004,0.24036826924913599,0.7369099260015309,0.7361759442643622,0.7342634632161437,0.13997533769355092,0.13984928337565145,0.14026657298554215,0.5482780716412661,0.54835141352306,0.5492807337144293,-0.44620588240643877,-0.4465125810078989,-0.44591150640787064,0.32010528447054115,0.3205862533692722,0.03226646527253303,0.030464894020920983,0.13252769095596806,0.13231482548093534,0.1327208053111363,0.2179901922399279,0.21798759611057852,0.21798163253330202,0.14284120712779233,0.14265020456480657,0.14258947119832563,0.18079940974497521,0.18074840107796528,0.1807629712579321,0.0030623081985157578,0.0034924330616996975,0.5783810715118619,0.5831676959215996,0.18906290815341453,0.18715474269481613,0.18746236081993412,0.43944925518410133,0.4378639805945249,0.4393882487683026,0.5205511761561555,0.5199541738196027,0.5207282571495225,0.1066255135954627,0.10669357973563887,0.10648698340402388,0.2113553236094383,0.188397759718867,0.690182986763436,-2.8769692651535728,0.15141041019996784,0.15152717813286642,0.15181905235574886,0.15945233192442465,0.15927464508904382,0.15972879787780012,0.0637446804244633,0.06379475991273191,0.06377459213051824,0.14461850150139288,0.14238249653601465,0.40397360861364073,0.9576159285557638
0.26025643475436133,0.2606154375107447,0.8159096708343966,0.8149840473294402,0.8168575958838251,0.1523588302781104,0.15210936455966856,0.1526301812144252,0.5696498347803143,0.5695825424559728,0.569910170236824,-0.2723021947033536,-0.27190138040589457,-0.27301604559691073,0.33188229736113906,0.3346024258760103,0.0330998203078206,0.03414372307974278,0.1345297938842236,0.1345755097339017,0.13465055660363784,0.21679358678203672,0.21666210161798366,0.21667351290026016,0.14559364112515144,0.14551489065647652,0.14548436613998006,0.19089320818919184,0.1920758001581494,0.19192434988179666,0.007857752526404168,0.0068352833293229215,0.5940912078359872,0.5942645167462083,0.20696203250462805,0.20441255129697636,0.20524616589765762,0.43719858502304215,0.43950078612329024,0.4401323025581786,0.5530654017965613,0.5535714920402485,0.5552546282864,0.11372222884953105,0.11305909026970042,0.11342449416967913,0.19229782773540352,0.21323303316494588,-0.6205287181000186,0.027061702128717845,0.1614459023286299,0.16077160081700073,0.16109308925889354,0.1654275495827463,0.16545172127298344,0.16580048718078463,0.06710810580504162,0.0670873281159304,0.06714851247600767,0.15544300133859112,0.15837849209630978,0.43874198034073125,0.8738410306675155
0.26346664628437166,0.2625446488262373,0.8265373819852002,0.8259598667745038,0.8263870758219295,0.15051020408163263,0.15024472136843509,0.15065304944606853,0.5753916900152027,0.5738438525259892,0.5752245744079402,-0.24132048310879253,-0.24141319065336897,-0.24055925422285154,0.33765269622730704,0.33972371967654963,0.034922784447511734,0.03500778969142368,0.13527878203004592,0.13536746918557777,0.13538501418511203,0.2160912846012294,0.21593576976503043,0.21600356004146867,0.14596331298624823,0.1459782766713049,0.14588142479177132,0.1942273138126238,0.1943295283204895,0.1944068682344158,0.00753197505847696,0.007498650503053391,0.5980134416011197,0.5995046821356071,0.20724369385228678,0.2065363472507518,0.2074603684904029,0.43576533810452306,0.4373199533600964,0.44070890475203145,0.5580077821749556,0.5627059245858407,0.5587445688022764,0.11026315113938537,0.1109540173729961,0.11071635471236993,0.18836701012534063,0.19634307050296523,-0.29407831583238453,-0.554995344943075,0.16204444554369737,0.1612834626588131,0.16217316319385158,0.16653300097539825,0.1663114546833798,0.1672244428863656,0.06737878385355317,0.06736754668641541,0.06739343410108764,0.16160052096523286,0.1604097296277758,0.44701995910265524,0.8725164942875332
0.25465767297880876,0.25404465837678836,0.8022933146210768,0.8003337005737867,0.8018454014607836,0.14734367279944394,0.14720762895897363,0.14722365113818386,0.5652774811222374,0.5647932824657779,0.5674728312079904,-0.31058720617697055,-0.3109367425809865,-0.31081134049667386,0.32827157994195816,0.32685309973045773,0.03498789030964356,0.033947344304360826,0.1345730047387904,0.13437392005529303,0.13450654531315268,0.21704807955835712,0.21700448026920743,0.21693758191029486,0.1438970418468547,0.14400401860812861,0.1439065121511626,0.18918588359765204,0.18930519841372592,0.18939902948861514,0.005863994422689749,0.006113383757910002,0.5924799118027432,0.5926276293831911,0.19998409976263218,0.1988592181734007,0.20116641838014557,0.4417826126673828,0.43944488752177874,0.44131433705557693,0.5447107640777838,0.545766350456544,0.54467704135467,0.1099128265606431,0.11091469141983333,0.11004506781279198,0.20480953655381615,0.20015374478365897,0.08415208488731574,0.0803814346663015,0.15781259661402625,0.1571737313491887,0.15823516166467472,0.16432209819009436,0.16411516092909006,0.16462951852949473,0.06621085819979049,0.06623666459838673,0.06625379878438901,0.1548279729387503,0.15499067807061456,0.43377492818295865,0.8996688112692446
0.21945999656048754,0.2202739098045959,0.5879688696095943,0.586026606889261,0.5865039894548488,0.173518586753536,0.17318630562608578,0.1735704218578138,0.5146561797188123,0.5149271554812517,0.5160500031409008,-0.6275438708832712,-0.6285902770595011,-0.628927197828905,0.3052912195451172,0.30657008086253296,0.03226646527253303,0.03210138381577062,0.13038155184582365,0.130745305840341,0.13053183369576182,0.2210171880505853,0.22103476610647,0.2210551024000939,0.16288390747048465,0.16260695520342258,0.16266558708235856,0.17231548812877417,0.17258896898160964,0.17231106134129653,0.0005798838929102885,0.0007414103706402438,0.5672080055971332,0.5757591862331399,0.20360935388249723,0.20232021898696062,0.20512617332361308,0.4444274257310347,0.4487886143209067,0.450245747065154,0.4954078530512976,0.48599446247241007,0.48881667687082475,0.12462494884808145,0.125076950302583,0.12481639492927742,0.23127704179490616,0.22649352075554546,-0.9604098069628954,0.8704488201889374,0.16231403732238484,0.16230100443613593,0.1627336139298607,0.15494382428380488,0.15426073763681672,0.15470519779973554,0.06520834690900708,0.06525089569864494,0.0652741122840691,0.12929344090300648,0.1302458522855051,0.35430474266477735,0.7172185192974001
0.25110351021344113,0.25016713464366913,0.7870662158713957,0.7856355913314271,0.7860244907316017,0.14236305929840135,0.14227248429774153,0.14277379772405052,0.5616841100124388,0.5615250210551459,0.5612161567937685,-0.34851196519018546,-0.34862944548663305,-0.34913066028239514,0.32192751569143535,0.32520215633423205,0.03289148154899847,0.033161829202833,0.13393924553847936,0.13348116576431288,0.1338584945059694,0.2171973493598528,0.2171438772914914,0.21702071474678716,0.14289309089777083,0.14284750057112006,0.14289569943957636,0.1867258247511353,0.18681444537174066,0.18688565385093941,0.005075612950305762,0.004767138611221263,0.5857803125066254,0.5889924639406473,0.19931174686822115,0.1950543646816104,0.19764361752706613,0.43933703667537116,0.4381852007271541,0.4410888303071591,0.5404735914512228,0.5391258194036199,0.5387984988637265,0.10816837626067773,0.1088931861735999,0.108432245441487,0.19114367277755462,0.1994838567977158,0.9606662808874985,-1.1246953191345828,0.15500290614990786,0.15488518963615763,0.15511742247098145,0.16258083161735476,0.1617888234656648,0.1628513809479065,0.06529356036872365,0.06528091911691115,0.06530410268714014,0.15120292319380632,0.1519002952548842,0.42384132055607227,0.9450329819525503
0.21903961171727251,0.21784806983362942,0.587468104108191,0.5867653333503156,0.5865613000592208,0.17874100809794577,0.1783417412802352,0.17894976767917561,0.5129474438064605,0.5129284879262882,0.5128965387273072,-0.6235155933715052,-0.6236126134264355,-0.6229991663064984,0.3098130525747458,0.3065363881401615,0.02975337899424463,0.028723668879201063,0.12956054560905686,0.1292765810390507,0.1294085456299773,0.22055714341646762,0.2203255531860779,0.2203802593744499,0.16365049017191688,0.16431122925795935,0.16421100163884014,0.17349977676507228,0.1731197852036721,0.17299888017917134,0.0008730836140447759,0.0005853239768211704,0.5678970466639808,0.5738140538472168,0.20669172846937509,0.20425298567505254,0.20657061223380888,0.4480188117595547,0.44923344122025854,0.44912374238519787,0.49009449783874576,0.49119552069227385,0.4903585508279578,0.1290538367336461,0.1284729732386889,0.12804769340770636,0.22455283464918202,0.22359433340654544,-0.25410561187058905,0.25738141560424127,0.16418386653970296,0.1636523691537712,0.16477499078287414,0.1545897908312561,0.15476646317234394,0.15458231837336556,0.0656243890946822,0.06559116110566242,0.0656339971209213,0.12766542455048666,0.12982509593970118,0.3559605370926258,0.6589403093066124
0.22030076624691894,0.22035031421313053,0.5975918601684103,0.5963528565151217,0.5956354790848132,0.15263204173749925,0.1525948399706,0.1529793943348013,0.5217675365305123,0.5230223875906628,0.5232866386079525,-0.6361571797092437,-0.6355000601290854,-0.636099788455463,0.30451508402510663,0.3074797843665763,0.030326310581004892,0.030582721286150347,0.1299062324455904,0.12996774565142272,0.13005659643716058,0.22042255589052895,0.22036957329837809,0.22022621911859638,0.1553490869753578,0.15528234096903493,0.1552239813045064,0.17088360262393013,0.17108415976671973,0.17109667786487498,0.0,0.0,0.5703563932410373,0.5675109745857299,0.1960794557575895,0.19235298612453317,0.1949222765081708,0.4474612629582847,0.44244136748449203,0.44429805594226074,0.4896109268089172,0.4897892208956957,0.4890783928036408,0.11355348414403776,0.11422979364462349,0.11377917186339216,0.23244234800838626,0.21047660882934313,0.6481100747095523,-1.4524455306811332,0.15623956568517122,0.15627859131664712,0.15709693941935812,0.15637440843900155,0.15427518693783185,0.15604241508670236,0.06454668945709004,0.06452032585416623,0.06457933461292388,0.1325205310951123,0.13179104369337027,0.36589414471951215,0.8903973215100225
0.23146007299409593,0.23011097740339634,0.6740654503699922,0.6728460710578434,0.6719763880309987,0.1320710475408875,0.13202321094480823,0.13248142060733809,0.5383774547373449,0.5374027377974434,0.538350398894403,-0.5574911424469439,-0.5576913180753791,-0.5579545773368894,0.3101842478234461,0.31078167115902894,0.027422589129925058,0.030491077857638674,0.13059760611865698,0.13041412279691267,0.13028701450193692,0.21814925022512818,0.21812943869465692,0.21802319895154823,0.1426077301628891,0.14246848455899153,0.1424830698602639,0.17417097309546792,0.17435669655039168,0.17421724524076151,0.0005994305409858736,0.0006438563745033821,0.5726461297093306,0.5766945504405777,0.18463582777771476,0.18224866167143874,0.18394408798851686,0.4377982649837303,0.43470689056549705,0.44051183318029674,0.5010317367192787,0.5028842770469837,0.5018835257517819,0.10036006420603913,0.10137890404618684,0.10101755937270668,0.22373321736027463,0.20651768065012113,-0.7523894071510767,-0.9080096304417455,0.14773629472070046,0.1472777357408149,0.14806415614429685,0.15716195224160967,0.1569699815771411,0.1574735989938344,0.06292763372247481,0.06298412761954322,0.06299984005118361,0.13936543540392907,0.13886410295472526,0.38410622779698195,0.9937085432546837
0.21833260084459166,0.2172368345653543,0.5888396274559837,0.5876155056136843,0.5878985474945713,0.1870723874285044,0.18663762862488303,0.18692416429327208,0.5084745762711866,0.5087551695096351,0.5090520761354356,-0.6130027715725049,-0.6125111136132174,-0.6123876623658373,0.30367145845987753,0.3045485175202149,0.031211750305997633,0.03202283230561803,0.12953173837267926,0.12910378988595791,0.1294805512752199,0.22039563838534115,0.22016903723123277,0.22013330594839894,0.1667297919201405,0.16661128533156114,0.16656999715830573,0.17413815905264862,0.17456484024722294,0.17408784372278216,0.0020198203011486913,0.0002926619884105852,0.5729535480314627,0.5717838883515272,0.21224545423570976,0.21006027535183106,0.21159445226785964,0.44930952148452885,0.44923344122025854,0.4496268870392859,0.4893217323695098,0.49241936878820086,0.4891755000728304,0.1334627168577093,0.13410679416342358,0.1334745259625202,0.2146337927650654,0.25297605974083004,-0.09333213201006206,-0.8775701729582083,0.16610316213843165,0.16527079222365634,0.16632519999307166,0.15529063256385253,0.15528663800888629,0.1553629641408921,0.06619582053042873,0.06611156702227736,0.0661588291746641,0.12904742954307005,0.1316241920389999,0.3526491137998156,0.5937086227248799
0.24693787858521435,0.24632781311481716,0.7720273028833886,0.770784642131608,0.7713657117021886,0.13680461926255935,0.13673806461312304,0.1370086445930517,0.5581912527798367,0.5587721393284981,0.5584396004774171,-0.3851267152564851,-0.3856016970769673,-0.38476435252757846,0.32746169939933895,0.3303908355795143,0.03214927472069603,0.031957372713824046,0.133075028447146,0.1330491878815805,0.1333544549892713,0.21724384323244975,0.2171120849881635,0.21715030416837822,0.14149482329685042,0.1412094245187016,0.14119457560788254,0.18474405543783376,0.18471906576344915,0.18508697275102654,0.0037920497266725143,0.003999713841611331,0.5815188585239677,0.5896408414026214,0.1938852230008291,0.1924631088776919,0.19637577146169058,0.4323767328900244,0.43581659590113664,0.4362730171894592,0.5334333661640135,0.5335918460676327,0.53420129863209,0.10487238068201549,0.10494319668572971,0.1052849991689008,0.2022893527811235,0.21377113990775298,-1.5702219705042872,-0.5136295599589353,0.15249496061239384,0.1522430428826476,0.15267643063401454,0.16192334091976446,0.1621067080879963,0.16256948108741068,0.06477726705397019,0.06472048197594121,0.06482925463851569,0.14916247603198143,0.15307551125523217,0.4172186395333373,0.9589402331476745
0.22228804005121094,0.2231772773289022,0.622598239346772,0.6220681793576901,0.6221734728315895,0.139142095081775,0.13899422023252705,0.13933708057831365,0.5290799210966066,0.5294583485223688,0.5302343112004525,-0.6188978118336265,-0.6177180117557002,-0.6179226752237746,0.3050550043868528,0.31071428571428594,0.029844527201229282,0.030425618265844688,0.13032393737306813,0.13018373459278892,0.13041662466337353,0.2195979014134137,0.21956742902979673,0.21953670559239485,0.14869110219286755,0.14863398475628753,0.1484713890694684,0.1707533408175867,0.17127039360072666,0.17081199452532037,0.0001824353820391892,0.001404777544370951,0.5701019780778933,0.5714756433286212,0.18584424581766973,0.18245317535587632,0.18596132163896262,0.43719858502304215,0.43449943589650725,0.4410888303071591,0.49195055723264625,0.48903571906703214,0.4876881009252427,0.10406603014301398,0.10448565434604726,0.10395561741998925,0.21736585039475448,0.20839556336481457,-0.047859411080598754,-0.27928791403171244,0.14981759271854872,0.1497912988432416,0.1501711044962253,0.15568079187890602,0.1555972979807101,0.15585448184637174,0.06291259605311306,0.06293408858909949,0.06300983685220729,0.1331066169820196,0.13399638729896182,0.3725164946164744,0.9543044717117726
0.23167026541570343,0.23116153802074396,0.6920451645828017,0.6920306698847968,0.6911053942014403,0.13714691867719594,0.13697088400374177,0.13738713306483652,0.5401741402922442,0.5383706459844383,0.5406495382875808,-0.5216296475251212,-0.5191799204932415,-0.5216331024288854,0.3124451643382604,0.31263477088948716,0.029896611890934458,0.030621997041226645,0.13138980511904588,0.13130687708789307,0.13116548337389652,0.21826670842958373,0.21811476532389024,0.21811122195489316,0.1436518910337063,0.1437067765986169,0.14354319050900066,0.176504747595377,0.17742507324865509,0.17664800298618888,0.0012900787729916972,0.001554360338447425,0.5739182055250492,0.5806698483221906,0.18948767163738378,0.18733902975112265,0.1897150515968068,0.43622405586827984,0.43950078612329024,0.4348421748960833,0.508842357029499,0.507058155887207,0.5078816759767273,0.10537936980836338,0.10624813768923726,0.10602036174109432,0.20651567866541826,0.2071930595211945,-1.5702219705042872,-0.4929187050164465,0.15017869730284558,0.14974802549912705,0.15093074412516477,0.15777609190419412,0.15788028754109026,0.15741577338142507,0.06337876380332734,0.06339444766918194,0.06344469769673702,0.13718027567743576,0.1405616371774503,0.3907285776939436,0.9930463909587289
0.25572774348881244,0.2533379175978453,0.7971516968614442,0.7966941990867812,0.7962003069301256,0.14602158056493011,0.1455058549378591,0.14604636379224537,0.5645990124511564,0.5636368207358619,0.5639424586971544,-0.3290910825521576,-0.32688491487903115,-0.32885744750687207,0.3252682729297432,0.32732479784366575,0.03346441313575873,0.03397352814107851,0.13473144453886823,0.13448911415735515,0.13460735321649214,0.21734417211542226,0.21726126425762524,0.21727744850654307,0.143421008257302,0.14348352059147268,0.14332130479182317,0.18815472716117757,0.18812206582121158,0.18804230434241628,0.005323203825930393,0.005306937389845421,0.5854834948162908,0.5900022321191318,0.20046564980862924,0.20023462888632185,0.20085624889629464,0.43600158759658664,0.4415387231657189,0.43701154191720226,0.5421459412627131,0.5400925764668111,0.5415672402706212,0.10895207650363986,0.10909397541522917,0.10993576225362432,0.19521945671082583,0.20638589940698424,-0.5616120040826522,0.1660001276401752,0.15626429887587648,0.15624397264135542,0.15670598482205375,0.16336837541996316,0.16323375356717115,0.1634585498782048,0.06567451465922138,0.06567122355437238,0.06573896353166987,0.1515140552078434,0.1546859924408946,0.4271522471602237,0.9165562941537649
0.25773412569506854,0.2565278016541555,0.8082036233733094,0.8071223420176148,0.8079871878960002,0.14988841248440282,0.14960786115194438,0.14999330849110656,0.5675767360631226,0.5672947594685305,0.5676235944468874,-0.2903475679471202,-0.2912880703452021,-0.29165168060381325,0.3304650064115539,0.33119946091644203,0.03384202713612351,0.028514198185460023,0.1346594264479238,0.13484909572629883,0.13541381644320916,0.21691349203241841,0.21684062762897893,0.2170696164153121,0.14466751583103532,0.14458292662665367,0.14459033538480306,0.19056208466619662,0.1906496672688559,0.19039143959188748,0.006769655783527245,0.006119887357652602,0.5932961604511631,0.5966241855422455,0.20411134709082437,0.20095155048341642,0.20389228742070292,0.43930908048547695,0.4373758519616079,0.44211802572988557,0.5504816154116933,0.547939184346118,0.5499610978805746,0.11200269387520893,0.11208577292892138,0.11211810427976494,0.189654980150765,0.20993850208653603,-1.5190407642220987,-1.0443615292895934,0.15929535139680692,0.15907034020266753,0.1592706964682943,0.164683356815144,0.164808727377813,0.16446326989381782,0.06661687527255775,0.0666369768419367,0.06668865962891876,0.15540682319742402,0.1557378833054038,0.43377492818295865,0.8884105003837584
0.2729826304626147,0.2716940767482287,0.857377519775453,0.8546651212848747,0.8553161953400109,0.16526466967583092,0.16481629192837097,0.16520289909622807,0.5834956213642246,0.5833846617977952,0.5822853194296125,-0.1298387217262499,-0.134262431394225,-0.13110355616825262,0.34696632246743614,0.35114555256064717,0.03311284148024678,0.03452338871214809,0.1355668543938237,0.13556905886418616,0.13562983337893691,0.2138448964410164,0.21382280437462095,0.2136929562036657,0.15207651818396428,0.1521736308695562,0.15200079930761276,0.20274305510671023,0.20290524781050762,0.2026875699888018,0.009955759419855437,0.011517875143892284,0.606472745775648,0.6106971652087032,0.22406841644993136,0.22278731925260362,0.22501098045253046,0.43630753068880906,0.4383808458324443,0.43535558780841804,0.578817929581154,0.5786064718224674,0.5787119549706486,0.1215078906081302,0.12233888081362375,0.12172153994194741,0.19114367277755462,0.18293432901383735,-0.9892405410676058,-0.857255452729966,0.16999492969590546,0.16963150892914544,0.16976213629469067,0.17029009067591483,0.1708774338041396,0.17033979775492064,0.06978982350788725,0.06979944356598144,0.06980266314779272,0.16717919033320064,0.17042808330975645,0.47351002094204897,0.7678807361628895
0.2629125026274054,0.2629075697667759,0.824591732584843,0.8232596941927185,0.8232477282713211,0.15460209524926097,0.15432271482025922,0.1548310603114061,0.5721375532409442,0.5719080361519995,0.572573654124003,-0.24757577583031606,-0.24815923478765506,-0.24753533551717494,0.33751771613686987,0.3397911051212938,0.03718846844969901,0.03626461385386801,0.1365030895761015,0.13634661905310444,0.13627788418612022,0.21724384323244975,0.21719767965096945,0.21704027541419713,0.14661834558222672,0.14664285269257132,0.14659638988045423,0.1936654976249593,0.19396801558388793,0.19393803658081374,0.009095706904527559,0.00902049284278853,0.5994975300527914,0.6022363707868754,0.20899726288771034,0.20774320272924648,0.20895687964971224,0.44043165932193246,0.4417359428795022,0.4409055813907566,0.5591467815858996,0.5578448899899178,0.5556383204231982,0.11250779547688688,0.1129418686785421,0.11259527958288995,0.20842254337838476,0.15700636942675128,-0.234088211406814,-1.5016081789233269,0.16246861976429275,0.16154557548602144,0.1612997013403804,0.16511686716520363,0.16548061987501367,0.16530174127375366,0.06701787978887111,0.06697223834590979,0.06706353966730647,0.15727361528164693,0.15856710700994578,0.44536433023769345,0.8476820580237728
0.26910362486385303,0.2696693599220674,0.8452985455473334,0.8439535875995848,0.8452072415132545,0.1583265641094353,0.1579684785513831,0.15828659732590575,0.5797766079079295,0.5795507397584001,0.5798102895910547,-0.1809945711033153,-0.1802403244259604,-0.1813444421095315,0.34166835391779693,0.3448787061994604,0.03509205968905439,0.03393425238600222,0.13562446886657922,0.13595783895864516,0.13588905370181012,0.21486042050037196,0.21482303914855322,0.21482258474659163,0.1488675070107944,0.14902598076883142,0.14896057570909357,0.19917726245367498,0.19919750147891577,0.19931317655841732,0.009356328878869327,0.008922938846651667,0.6069285729429474,0.6114412049191655,0.21930970255198817,0.21747445826347667,0.21869665424479384,0.4398276481205566,0.4353032735323271,0.43969708638172245,0.5719246719598732,0.5755142709218194,0.573296448360841,0.11778682447379585,0.1184081761681699,0.11801721223332738,0.2038561041973325,0.19621128925982836,-0.05797456325379961,-0.9636805390185901,0.16587809010301377,0.16573072605253134,0.1659193990186544,0.1701528123983961,0.16936025719755796,0.16947964177033106,0.06919834184632503,0.06918396349152335,0.06921285188739604,0.1664339206251583,0.16546606019717527,0.46357624775227657,0.8321191115192347
0.2699826113542126,0.2702614940882092,0.8548099004848175,0.8543403363752731,0.854520214723731,0.16506578010769343,0.1646127054657223,0.165054431242655,0.5821009913181141,0.5829572737671744,0.5827250455430618,-0.14100654799870804,-0.1435955507062226,-0.14420417831721713,0.34338935007086513,0.34558625336927246,0.03618583817286926,0.0340389877328725,0.13628703530326816,0.1362458242138001,0.13629228531516877,0.21480658548999645,0.2146640776319136,0.21465142890675437,0.15193643200502235,0.15189845486075057,0.1517970796725434,0.20194557442970681,0.2026881409879755,0.2020554933432873,0.009610435303852643,0.01015211919797622,0.608476265185405,0.611186105589864,0.22648979545480363,0.22384135131855143,0.22564037546355625,0.4394212989942071,0.439697218532827,0.4408214606597356,0.5789091917608031,0.5774311985299606,0.574625160019753,0.12318476752491156,0.12323316811391219,0.12371240878168396,0.20024867300057989,0.19621128925982836,0.1249608801381416,-0.657995031055573,0.169565808837169,0.1691147015622913,0.16910889570172635,0.17042014378093268,0.1704800780262254,0.1702892003440624,0.0697146351610785,0.06969936550509395,0.06972268873960333,0.16583336348178437,0.1671998665186765,0.46357624775227657,0.7821191462874455
0.2512754858311198,0.2520199415506278,0.7907980352130645,0.795003407057385,0.7931501092085405,0.1443770778725934,0.1441987254443405,0.1445920061561882,0.5625384779686147,0.5617764257790407,0.5622840630692882,-0.33813014428587734,-0.3375606934604741,-0.33881392034008556,0.3269892690828101,0.3262129380053911,0.035638948930961825,0.03468049173245375,0.13409768533855693,0.13408593480013808,0.13413211595789118,0.21720713754355736,0.21709985717919122,0.21717230991921446,0.14314602427641598,0.14326156258437003,0.14306568206501644,0.1871474354831171,0.18773465961036298,0.1875874082369043,0.005069097400947313,0.00480616020967615,0.5892997222634466,0.5892688215473902,0.19934809026791903,0.19755347695737585,0.20040797475175123,0.43611301860701,0.4390665878312681,0.44214646090656873,0.5388439096717762,0.5423495276988932,0.5390092926919673,0.10902191491642792,0.10986045336773853,0.10968398255181741,0.20828315268299247,0.21155282231495734,0.02310411429497591,-1.5751028194370604,0.15643248457267228,0.15574571099340762,0.1561727524440848,0.16312271955492927,0.16323375356717115,0.16305377059133927,0.06560935142532044,0.06556614159044055,0.06563899552143315,0.1517021815419125,0.15307551125523217,0.42384132055607227,0.931125763870008
0.22022433263906127,0.21975818004698874,0.5894233222760908,0.5891884835092055,0.5862874827272205,0.19984423806453233,0.19926625350795135,0.20002906624175584,0.5039891445012629,0.5048961069978508,0.5048307054463221,-0.5741937565201215,-0.5742289505404976,-0.5750508892412883,0.3107241681851923,0.30737870619946067,0.03164144899606759,0.03248104944817593,0.1308424676278682,0.13075970510309878,0.13112227998675108,0.22091685916761286,0.2207975466124078,0.2209108424779454,0.17209068245316841,0.17219657951029055,0.1721949947253483,0.1780340808637451,0.1784130088814617,0.17826154037576208,0.0019155715114118424,0.0021591951144959206,0.5806072041893694,0.5806060734898654,0.22323024679439862,0.21900943459832167,0.22073426399271887,0.45561856417008706,0.45802684235098495,0.4581846904218872,0.5049868262451066,0.5011178128543147,0.5000598038670008,0.14810802077183147,0.14838816530815666,0.14780674626372864,0.23436593960480004,0.23588293432901353,-0.44814532339040253,-0.4462260732277954,0.17250163857388423,0.17128207791180147,0.17241716340170088,0.1544236118637333,0.15473756457031396,0.15456786197026318,0.06626098376432965,0.06615159824663237,0.06620381477927065,0.12537896602872536,0.12680000290176804,0.3493378560698909,0.5314569360444722
0.25727552404792403,0.25645139724562155,0.8064365909670835,0.8061448031230298,0.8045103445640891,0.1485401505698709,0.14836650574635837,0.14878360914896552,0.5658931286200704,0.5672570487599463,0.5670833595075069,-0.30066388840408287,-0.2998352427677684,-0.30098587388495046,0.33033002632111796,0.32907681940700834,0.03300867210083595,0.03474595132424774,0.13440016132052365,0.13466190531044797,0.13443453966791008,0.21697466818057237,0.21691154892101813,0.21737769692701922,0.14436658996516002,0.14431553861809723,0.14429059503001945,0.1897954293021447,0.19021644952664737,0.1898668657459251,0.006163709693182686,0.0061393981568799265,0.5921936947442068,0.5949022650694616,0.20360935388249723,0.19949523325797053,0.2027761300810063,0.4375332718034656,0.4376687291413581,0.44272543269847847,0.5491660177570128,0.54873652197299,0.5477347360991535,0.11146248431466996,0.11223627032660208,0.11131678145634956,0.20610308220705656,0.20196024599165419,0.45474012332048325,0.7153690701740315,0.15839258993606467,0.1587624812688239,0.1589156206156792,0.16453885336512414,0.16446194415345153,0.16483190817292748,0.06645146090957851,0.06645683633233919,0.06649872040946897,0.15449513404001303,0.15558554049054396,0.435430557047921,0.894701990241656
0.27351766571761615,0.2738525012893246,0.855827379433529,0.8522610761206673,0.85343768108559,0.16487840519876393,0.16506790391554185,0.16541723649047085,0.5851917930419269,0.5830326951843426,0.581745084490232,-0.14123579956441798,-0.1409102321673318,-0.1421735818841274,0.34214078423432576,0.3431603773584906,0.034584233964425955,0.03579330479295151,0.13558125801201265,0.13554026033867056,0.1359754604761013,0.21418503582475232,0.21421164869993936,0.2140572736341764,0.15168479572062665,0.1516687088533987,0.15149474416317296,0.20193960824010332,0.2020627139946261,0.2019350503919373,0.009265111187849614,0.009469241225018188,0.6080734411770937,0.6136520657731108,0.2241093027745914,0.22070397655509064,0.22509022083161642,0.4367945983916135,0.4396129769784365,0.442556006437408,0.5785512543808808,0.5777273863556932,0.577546667740373,0.12260114489696379,0.1235167687376823,0.1222367837329205,0.21196864266916443,0.20926861410059286,-0.8881200678184978,-1.0342903867309274,0.16949779256272954,0.16890204398549968,0.1700442174598343,0.17047071998843968,0.17055954918180838,0.1701807773207948,0.06977979839497943,0.06975941234162644,0.06976267594369802,0.16727325350023506,0.16984047530958246,0.46854296878427637,0.7668873918249209
0.26918005847171,0.2678165530151094,0.8474387598877265,0.8481375814350399,0.8477002528034437,0.15960050413271587,0.15933407390084187,0.1596740398730286,0.5809953386689448,0.5813231430618585,0.5822601922231296,-0.17261051384305404,-0.17120193519749946,-0.17142072083169108,0.34780994803266524,0.34942722371967605,0.03630302872470626,0.03291308275401614,0.13566767972114605,0.13571305149176363,0.13584585031466467,0.21496319642927053,0.214779019036253,0.2148079142460341,0.14986497248863098,0.14988136279620365,0.14986887981449837,0.19996082202160356,0.20040951525424403,0.20008460868483266,0.008489760814183,0.008805874051287481,0.6064303432484572,0.6081993176092942,0.22002294177105924,0.21789697005110598,0.22041503846554397,0.43728245359272483,0.4390665878312681,0.44045575269294945,0.5729178889280013,0.572873460267588,0.5706082349332742,0.12019304092304486,0.120058731798512,0.12087687181058629,0.2025625585440921,0.1834010542499454,-0.2440991293874783,-1.5408394968589414,0.16753150390166083,0.1674554779108124,0.1673879531547314,0.16988548101585932,0.16987320738359288,0.17018800552234614,0.06942390688675129,0.06940913912852022,0.06945777351247599,0.16516768568430956,0.16883211096360456,0.4619206188873148,0.8225165621683258
0.22582309441461454,0.2233491872481041,0.6186399591732584,0.6168811733014068,0.6181394430682824,0.1419652801621264,0.14180580148336228,0.14216110644099553,0.529444283901446,0.5291818033260844,0.5304478924555561,-0.6205353230172713,-0.6215167550546187,-0.6217218556469745,0.30839576162516064,0.3163746630727763,0.028008541889111494,0.02833091132843715,0.12994944330015698,0.1302989286948508,0.1300997998243063,0.2198597353275126,0.2196285680746581,0.2195489310095261,0.1498961027506181,0.1497801187929638,0.1495808176553557,0.17067080852807134,0.1708182537042607,0.17083488864003982,6.515549358544165e-05,0.0006763743732156694,0.5751054762863863,0.574111669731402,0.1872093947688219,0.1854444689161674,0.18703446277286984,0.4383152576221961,0.44007630552758437,0.43906598343256026,0.48944381035007933,0.4889125049315273,0.4893851096660812,0.10517211959960317,0.10597928429790322,0.1054704417037646,0.21169543690619583,0.21047660882934313,0.46514136508595183,0.5232274223350685,0.1505163053559725,0.15091764217148113,0.1511410678009298,0.15544236118637328,0.15587905935050392,0.1554063333501993,0.06304292252091491,0.06307419787434199,0.06308481285988483,0.13262906551861361,0.1340544226570039,0.37086119687728475,0.9387417901078877
0.242638488143237,0.24248849158596456,0.7534032916560346,0.7523132964394659,0.7523290392832354,0.1394802073476087,0.13931056227448882,0.13975634543241786,0.5530273523388323,0.553442359181929,0.5526352157798857,-0.41669793087715806,-0.41648286027420817,-0.41754865945536235,0.3155497064183039,0.31859838274932567,0.03373785775671221,0.03126350104080742,0.13306062482895706,0.13336597166225075,0.13322484482783442,0.2180709447554911,0.21800471504313973,0.21781781194374358,0.14173089445025258,0.14184804053913733,0.14184466183189368,0.182159700974577,0.18234881696699776,0.18225307950727881,0.0037203786837286235,0.003947685043671719,0.5787202917293873,0.5790754775140571,0.19060750264057508,0.18989432710503015,0.19105987403043737,0.43862277571103225,0.4361504129017121,0.44153944887098523,0.5250372456363048,0.5246943637826266,0.5256380954185501,0.10444315757206946,0.10503583955616129,0.10438115526930064,0.2172320353271782,0.21115198770041732,-0.39859194471073406,-0.026104236931562518,0.1527670257101518,0.15182267325410598,0.15181905235574886,0.160276001589538,0.16040891521872636,0.16016248997087043,0.06407049659396791,0.06411000580452751,0.06411948176583492,0.14657935675264996,0.14529877327761953,0.40894049520852727,0.9420529820512258
0.26050484397989837,0.2614558860046224,0.8224260015310028,0.820667783247467,0.8219232165258312,0.15158211417517356,0.15126056561539486,0.15169441551760912,0.5747257855787716,0.5740072655965208,0.5740938501162133,-0.25297956273634414,-0.2525474382536468,-0.252251559490802,0.337787676317743,0.3389150943396219,0.03639417693169091,0.034693583650812355,0.13602777017586826,0.1360298352724339,0.13587465257276182,0.21683763360870756,0.21674035959540625,0.21677131623731002,0.14598666068273852,0.14586015866752508,0.14576853556724242,0.19357003859130303,0.19368219146431578,0.19366131641159634,0.007740472637950421,0.00844817606545232,0.5964869506222571,0.6017580595444354,0.2063123942350282,0.20510250405656277,0.20599781749355878,0.43412970412113616,0.4413135541511797,0.4392061846509286,0.5580480797607745,0.5561969009275418,0.5575887554519218,0.11079430058150856,0.11044164557938474,0.11117883030236557,0.20637628797002594,0.22022842082143657,-1.1565142425943584,-1.0644735217523107,0.16074842635074135,0.16066898117238612,0.16055614528664636,0.16597666269282169,0.1661236137701838,0.165988420421115,0.06711311836149556,0.06706230860070854,0.06714851247600767,0.15782352302738686,0.1649292331352877,0.44536433023769345,0.8480131176154597
0.27351766571761615,0.27341317594025205,0.8504975759122224,0.8526368076827552,0.8522214227039143,0.16485642266754874,0.1642525140318054,0.16468639825351616,0.5822140694299606,0.5816122584943374,0.5826496639236131,-0.14100654799870804,-0.14179442241794235,-0.14253384899322405,0.3459877168117699,0.34848382749326123,0.03337326492877408,0.03376405744733795,0.1351779567027236,0.1352090772952425,0.1355290254755972,0.21431228221291254,0.21406246943047758,0.21388367271091294,0.15134236283876862,0.15120142883844573,0.1512040868494434,0.20149114965490558,0.20193822613766962,0.2020176682841856,0.00948012431668176,0.009228608034547215,0.6085398689761907,0.6150763703617101,0.22178105373144497,0.22077814085823844,0.2226224490257961,0.441726306538441,0.4378639805945249,0.4419485994688151,0.5752444818974948,0.5765130162701897,0.5764559873144747,0.12093559312820218,0.1213145153605661,0.12162881867451557,0.19773406485570327,0.19527234790248205,-0.3687920543903509,-1.0544163604188501,0.16897344891977795,0.1686955683150101,0.16950727348758712,0.17078862757848348,0.17087020915363219,0.17089636927436094,0.0698850620805117,0.06990452552991333,0.06991762635956492,0.16873485040338623,0.16820097644489898,0.47019859764923877,0.7602648423753364
0.22754285059140547,0.22676828453001754,0.6504337841286043,0.6505027797767263,0.6506950502741357,0.13765775083114903,0.13750647300547908,0.13784612875299548,0.5339045872020706,0.5332797003255694,0.5341792826182549,-0.5793027914130937,-0.5801562999982927,-0.5781950385570399,0.308328271579942,0.3105795148247976,0.030534649339826546,0.029116426429964978,0.13022311204574583,0.1301117382790002,0.13001339305001514,0.21880505853333848,0.21863322442431474,0.21881051581479963,0.1458387919382998,0.14586145666756664,0.14582692654544702,0.17275499742956665,0.1730510679066321,0.17336419061838992,0.0006124616397030093,0.000624345575276057,0.5705896071405854,0.5733570008822191,0.1865847425865143,0.18556807608808024,0.18830910087073857,0.43584881292505223,0.436665309879015,0.4402164232891995,0.49552281969319323,0.4947331880828236,0.4954803671602162,0.10425855765934862,0.10484790687614291,0.10357945553016397,0.2037222891297562,0.20538106742806908,-0.6499161071478298,-1.0745260226773639,0.1495578942161434,0.14963056927938748,0.14927289868089932,0.156952422239081,0.15650037929415156,0.15664958401700066,0.06304292252091491,0.06309421348651946,0.06309980806142035,0.1357548569154517,0.13665875934913344,0.37913917563920935,0.9847682455374754
0.22072115109013463,0.22006379768112666,0.607339244705282,0.6073414126233069,0.6058176631282675,0.1513130898645876,0.15120418782573833,0.15165886687661273,0.525260393763114,0.5260015335688158,0.5255480871914063,-0.6217470812931688,-0.6219097284993346,-0.6219838680899535,0.3070122156981841,0.3088611859838277,0.03179770306518407,0.03275597973371048,0.131245768937157,0.13120608224858873,0.13105027434150848,0.22128146901061035,0.22108612290415355,0.22122625823993117,0.1540429130661492,0.15402457892878654,0.15396533132987403,0.17143249206745373,0.1715064225775161,0.1712897847455518,0.0012184077300475692,0.0009560291621412923,0.5697203553331779,0.5806698483221906,0.1943826732841941,0.19154167359615973,0.19381743922262915,0.44459791911447394,0.44811507553790586,0.44639001609352014,0.49098222994987695,0.4907121421606785,0.4921431929580649,0.11116878547602618,0.11184754840495449,0.1111222929441754,0.20011485793300363,0.23074895673182486,-0.4283386090604644,-0.7655525965860986,0.15526136799277793,0.1543362363565328,0.15434788525730006,0.1549654998013078,0.15552505147563478,0.15527622572227798,0.06379480598900247,0.06382978723404252,0.06385456653870764,0.1314641293730329,0.13354661327413742,0.36589414471951215,0.9102648042958674
0.26472780081401803,0.2650850954100051,0.8309166879305946,0.8297522082189688,0.8289787887085374,0.1498946932076072,0.14959011258853397,0.1500487225491303,0.5767109346534156,0.5772503865347631,0.5770714240844275,-0.23352592987464318,-0.2337174606943534,-0.23335391204092107,0.3372477559559968,0.3374326145552561,0.033334201411495075,0.03255960095832852,0.13540841459374586,0.13506508466766504,0.13548582208845175,0.21574135703378883,0.21560317336098447,0.21544608102028448,0.1458050674878138,0.14578617266515756,0.14567121727023477,0.19472350191464963,0.19522484498772052,0.1951763095682469,0.00753197505847696,0.007940895285540688,0.6015752538851317,0.6024914701161769,0.2084861838294587,0.2073903604385133,0.20997794853450574,0.43837117000198456,0.4336554457441088,0.4393882487683026,0.5634420301449647,0.5612830382710213,0.5617477887372146,0.11029976911798234,0.11093700133556988,0.11028629387440339,0.1958996833043401,0.19828135295409652,-0.4778143665329227,0.19283242901987216,0.16145579560491205,0.16141699183493813,0.16163993081588265,0.16758065098804228,0.16768413827981082,0.1678894374290732,0.06788003949894487,0.06792297992434096,0.06793825975687781,0.1612532108100287,0.16489296103651152,0.4519870112604284,0.8817879840467555
0.2626449849999043,0.2626592554390393,0.8242249298290379,0.8224222585924713,0.8231936015894141,0.15017732575180257,0.14990436656421222,0.15033938496668883,0.574851427925268,0.5758802307895365,0.5754507192662854,-0.25166955378942824,-0.2506808143912476,-0.25090874572053307,0.33947492744820124,0.3384770889487866,0.03498789030964356,0.03636934920073829,0.13539401097555692,0.1354250662366087,0.13535621192701514,0.21626747190791276,0.21605804785475322,0.21625051346751953,0.14579858201656648,0.14553046665697497,0.14556611350946647,0.19351236542513575,0.19361546597298715,0.1934771680975488,0.007727441539233285,0.007778305291979252,0.5979498378103331,0.60563769517756,0.20542198094242983,0.2039203700124506,0.207073222638297,0.43930908048547695,0.4379198791960363,0.43993562591945334,0.5567929284848228,0.5584171248692331,0.5569469000872781,0.11031071676106806,0.1116546999807908,0.11025010996516166,0.19732704402515758,0.20692400614979134,-0.32898346383807764,-1.5310386579876405,0.16131234309882153,0.16143677393510475,0.16102504336379309,0.16672085546042423,0.16601524401257084,0.16671846877778354,0.06735873362773748,0.06745761694121412,0.06741842610364682,0.1617741760428348,0.16115693486256505,0.45033121683258,0.8609271238103602
0.24508436359467287,0.24371096212251478,0.7560219443735645,0.7558126946321334,0.7567069326727754,0.13969584551095776,0.13950892857142855,0.13995813624748546,0.5539319772336069,0.5548376553995452,0.5541679753753378,-0.41063913949767206,-0.4107192497517113,-0.4090660066139079,0.32020651953836843,0.3185646900269542,0.03227948644495968,0.03351531099852061,0.13380961297477914,0.13382674807049874,0.13372888434453253,0.21836703731255627,0.21810498307671236,0.2182408113764842,0.14175553924099232,0.14166112853315613,0.14161888338283593,0.18241624712752827,0.18243844822400643,0.18256463854672142,0.004515275705471059,0.004663081015342039,0.581741471791719,0.5844219342906648,0.19163420368204073,0.1895100211705375,0.19256317722223987,0.4368780732121426,0.43462382996747645,0.44001974665047444,0.526300693474043,0.525469191134743,0.5266944330297348,0.10420985952286393,0.10389160557279009,0.10327980753175606,0.20855635844596104,0.21282670766527564,-0.6792524879737571,0.14455991878263683,0.15161074904468055,0.15112659060449146,0.15204422240862667,0.16038437917705292,0.16026442220857573,0.16053835645153144,0.06404543381169832,0.06400492384059563,0.06413947536788228,0.1458051445316741,0.1484399370316366,0.4105962896363757,0.9417217900092123
0.23671488353429046,0.23591771245200893,0.7225440163306965,0.7217580416106786,0.7215373251230586,0.13514232118781036,0.13507596385139647,0.13528244440819875,0.5464060006784686,0.5468304149434969,0.5465544318110434,-0.47843210250056967,-0.4783761778169291,-0.47925258977698515,0.3150097860565565,0.31533018867924456,0.033269095549363255,0.03034706675569162,0.13195154622841251,0.13218523211611566,0.1318135341810798,0.2181370149954974,0.21791667481853932,0.2179253956144984,0.1415298448415859,0.14161310253161932,0.14155789725004447,0.1785481675345815,0.1784727630528008,0.17872439965161127,0.0017070739319383816,0.001983597921449522,0.5769817881145717,0.5749194842741895,0.18758191461572535,0.18643557369459587,0.19017011777384335,0.43284529438261715,0.4383808458324443,0.43243663793529025,0.5130261946160054,0.5135742880533234,0.5147490546844191,0.10321249148726372,0.10393471286760313,0.1035444023680861,0.18633190597261304,0.2183395563364811,-0.6205287181000186,-0.8674174732524862,0.15005997798746032,0.14920896326958547,0.14968612284387298,0.15877316570933142,0.15927464508904382,0.1592011391645646,0.06370959252928585,0.06368967794880007,0.0637845889315419,0.14188343402915965,0.14492154345034722,0.4006621853208299,0.9655628819350038
0.2202625494429901,0.2191278436765803,0.5906800204133708,0.5903379673559325,0.5897834295939226,0.15862594524884222,0.15837460744353868,0.15882087248911583,0.5211141963287307,0.5214511080663206,0.5219297694578804,-0.6410697132601783,-0.6404777237621505,-0.6414382919811664,0.30694472565296677,0.3070080862533695,0.03323003203208425,0.03109330610214315,0.1306552205914125,0.1305293168989748,0.13044542692147065,0.22117624603578556,0.22098096374699194,0.22105999256694642,0.1577409287713664,0.15776801104857638,0.15762709445194875,0.17065987051379825,0.1707206552244068,0.1703919372900336,0.0003648707640783784,0.0007479139703826066,0.5666249708482621,0.5722303121778042,0.19622482935638114,0.19415989823758656,0.19728816782659483,0.44601974730754335,0.4429924804571403,0.4441562749918545,0.4885145954300168,0.4854802804069384,0.48605740934385083,0.1150570862961179,0.11393144578841735,0.11556612929792286,0.21012868548998603,0.24978036459477268,-0.21404641570648153,-0.6065650941253675,0.1568121390499982,0.15742471674505318,0.15699425197766115,0.154597016003757,0.15500487663909268,0.15427150570666523,0.06440132531992641,0.06440023218110126,0.0644343809980806,0.13014000940631681,0.131442831545119,0.3592714636967772,0.8387416278562376
0.26661953260848836,0.26665138578495984,0.8368907884664454,0.8368146879199118,0.8351333108336146,0.1529366568129098,0.1526459975945476,0.15310904231961153,0.5769622193464086,0.5774892210224634,0.5773352597524969,-0.2088977616726241,-0.20928761154786193,-0.20859373617937796,0.33805763649861603,0.34137466307277653,0.031758639547905074,0.034327009936766135,0.13539401097555692,0.1356554544407327,0.13593225708895584,0.21536695900708658,0.21516786336157143,0.21506709308921626,0.14754447087634281,0.1477279807272954,0.14757995346887826,0.19740729287129832,0.1977195816411284,0.19722682593007343,0.00873083614044918,0.008571744460558871,0.6058579091313845,0.6034693508784984,0.2151006825744756,0.21262456231824134,0.2155202470488619,0.44188144370489607,0.4404691703466579,0.44305085749829687,0.5661621171877501,0.5676676630425126,0.5655858943401857,0.11570110971350393,0.11599341139030858,0.11527703493971041,0.20855635844596104,0.19687568636064134,-0.1939824425183814,0.5779312961683112,0.16391427476101553,0.16387120863686488,0.16436176661990057,0.16884505617571616,0.1687100386518801,0.16916160090207966,0.06862189785412456,0.06861852244750906,0.06864303422904669,0.1638363300893599,0.16467532844385446,0.45529793786457984,0.8778145073571355
0.222307148453175,0.22283345749049766,0.628463893850472,0.6285925350417445,0.6288724456982023,0.13700560240509826,0.1370126453294133,0.13743627383327267,0.5288788933422119,0.5298857365529901,0.5291915321314151,-0.61238051732272,-0.6117579145108459,-0.6124204139212098,0.30785584126341325,0.3073450134770892,0.029688273132112804,0.02766322349213821,0.1304535699367681,0.13012613754175772,0.13043102579242208,0.21906933949336363,0.21913701015397258,0.21908681024196547,0.14732266775968475,0.1473139187140454,0.14733211620583211,0.17093332087062613,0.17143571347476486,0.17141620007465475,6.515549358544165e-05,0.00030566918789554743,0.5705048020862046,0.5756422657072103,0.18581244534293404,0.18452528103776086,0.18589792933569393,0.4374497969829365,0.43748725551250744,0.43980924735641713,0.491536914366445,0.4914857847614918,0.4933144013632913,0.103239294337577,0.10421150707640281,0.10381201253018625,0.19814108568624814,0.21282670766527564,-0.3886608656860489,-0.5859521077593385,0.14961354389523027,0.14948343990939797,0.15048040401940915,0.155818070156425,0.15586461004948882,0.15581111263706482,0.06299279695637575,0.06301915494085385,0.0630948096609085,0.13498788032270914,0.1347290836942408,0.377483546774247,0.971191954596293
0.24810349110503901,0.2489828663113862,0.7811973717785149,0.781419755838168,0.7816052063500148,0.1399167176103104,0.13974696812775622,0.1402163866688414,0.5602517872623789,0.5600291629479719,0.5593693071172812,-0.3651818290396907,-0.3651015823776321,-0.3641636241983318,0.328035364783695,0.33126684636118625,0.03416755644678265,0.03318801303955069,0.13375199850202363,0.13371155396843687,0.13375768660262966,0.21728299596726833,0.21717077847123042,0.21701582457993465,0.14269074419485472,0.1424788685593238,0.14234552666715977,0.1861650029284047,0.18623781761831823,0.1857966903073286,0.004710742186227384,0.00511833299731406,0.5878792376025607,0.5900553778127362,0.1957750797851196,0.1950318906503535,0.19681498956291,0.43764509656304246,0.44027273793712113,0.4386457747104647,0.536285012972267,0.5363760116295188,0.5368054313753586,0.10725594683522514,0.10815317761264241,0.10654728991942672,0.19351889022703975,0.20263562486272754,-0.7426534900187938,1.0099558155255464,0.1533235225010203,0.1540419776165536,0.15372186302237595,0.16223402333730713,0.16136256908572058,0.16223698381605686,0.06491260607822594,0.06497067712815995,0.0649992002559181,0.15018269961289402,0.1526329916501629,0.42384132055607227,0.9579468888097057
0.2613456136663291,0.2608064485320806,0.823634855830569,0.8224381794213733,0.8230885321480651,0.15513176957282707,0.15484786349057864,0.15527228167906687,0.5727406365041275,0.5726748205598783,0.5726741629499341,-0.24682252068583907,-0.24773351355587997,-0.247699093294037,0.33738273604643276,0.34134097035040384,0.034584233964425955,0.03355458675359691,0.13523557117547935,0.13507948393042282,0.13503938708794766,0.2165562233271994,0.2163979809441825,0.21640699880679934,0.14681161262539658,0.14679991069759718,0.146720957300624,0.1937977481611706,0.19382460557267403,0.19397984322508396,0.00792942356934806,0.007667744096357427,0.5931795535013883,0.5980910066857285,0.20867017229042925,0.20754543125418584,0.20911536040788417,0.4482767174550574,0.4404132717451464,0.44856412231075304,0.5562311327295807,0.558555740771676,0.5591294451740646,0.11499102293266973,0.11580774751528043,0.11529437306288876,0.19616731343949348,0.20088952339117097,-0.29407831583238453,-0.11616196890920391,0.16251684948616796,0.16245307933116718,0.1630404390568591,0.16797803547559692,0.16634757793591745,0.16669678417312983,0.06757928611170985,0.06758771842036787,0.06755338291746643,0.15859049962012942,0.15819713160242888,0.43874198034073125,0.8543046074733572
0.27271511283511357,0.2721525031994345,0.8548896402143404,0.8539677889789655,0.8552111258986621,0.16344640030817412,0.16327843111051715,0.16371194727090993,0.5836463921800205,0.5845159830553217,0.5840944782963752,-0.1286924638976985,-0.12915377661292093,-0.12904020817979092,0.33711277586555966,0.33716307277628055,0.030808093960780027,0.031446787897830765,0.13509153499359047,0.1352090772952425,0.135269805152724,0.21355125092987745,0.21326277072369063,0.21347289869530353,0.15172111435961158,0.15190754086104133,0.1516426679746246,0.20254815957966202,0.20278075995355113,0.20264178175936295,0.00948663986604021,0.009852953609823035,0.6044056225751052,0.6073808739277861,0.22577882769821347,0.22261426921192567,0.22399443958939894,0.43600158759658664,0.43306181834214186,0.43603645231677574,0.577671818831536,0.5823017111363069,0.5787628770752238,0.11977552046605247,0.12012679594821682,0.12004501881374818,0.18633190597261304,0.20015374478365897,-0.7085400783265905,0.6218043808732132,0.16978346091537544,0.16947448850907249,0.1700343198750925,0.17107763447852323,0.17072571614348156,0.1705855566076606,0.06976476072561767,0.0696943616020496,0.06975267914267436,0.16789551752830945,0.1689481816796885,0.48013270196478397,0.7715231532608227
0.270574971815107,0.2692300345729949,0.8531162286297526,0.852955224260796,0.8528295518947522,0.16374159429877816,0.16343399204864356,0.16400888297805602,0.5818120139211719,0.5821024977059318,0.5824989006847165,-0.13832102965753024,-0.1391091038790516,-0.1393569481221005,0.34807990821353835,0.34427223719676525,0.03402432355009234,0.033646230182108584,0.13660391490342383,0.13601543600967636,0.13609066950848958,0.21407981284992753,0.213957310273316,0.21390567846174918,0.15191178721428256,0.15191792486137362,0.15189310039225765,0.20270825233402304,0.20286043218200328,0.20262286922981212,0.009675590797438086,0.009904982407762648,0.6072465918968771,0.6112392512834685,0.2274324523844678,0.2272708884883517,0.22797909865200788,0.4390566872781224,0.43764077984060235,0.4436314090222446,0.5762021421722532,0.5794666012683948,0.5791098579273283,0.12192050350098073,0.12280814531242205,0.12164087997759612,0.19950153887327748,0.1806720843399953,-0.9170661248596312,-0.3837999026709494,0.16942359299061374,0.16958576282250998,0.16972502035190862,0.17046349481593878,0.17052342592927072,0.17023860293320411,0.06992516253214301,0.0698845099177358,0.06993262156110044,0.16665822510039424,0.16978243995154063,0.47019859764923877,0.765231663402925
0.23639004070089648,0.2360323190648102,0.7162700944118398,0.7146159577652251,0.7146282133737479,0.13544484268881946,0.1352858145128959,0.1357738520925603,0.5452249626214021,0.5471698113207549,0.5460644512846287,-0.48796241758938297,-0.4871198369618534,-0.4874732301754605,0.31241141931565053,0.31340970350404335,0.030026823615198112,0.031918096958747276,0.13229723306494579,0.13228602695541974,0.1323175736977779,0.21844044869034102,0.21825416234617415,0.2181283375388768,0.14189562541993425,0.1419557745425848,0.14170452348420265,0.17825284114920736,0.1784130088814617,0.178193853427896,0.002339082219717213,0.00287459108616624,0.5793563296372466,0.5779169013934801,0.1886858453815489,0.1870805783916685,0.1882049563725113,0.4373938846031481,0.4349840216603144,0.43617546873611557,0.5094598582710202,0.5106799406202648,0.5059205828330927,0.10206261145833172,0.10223840300329283,0.10385008101803427,0.20596926713948027,0.19774873709641963,-0.27410527034415,-0.897866251552838,0.14854136007815688,0.1482346948363773,0.14845016194923027,0.15841190708428174,0.15786583824007513,0.1582976139706681,0.06298778439992181,0.06302415884389824,0.06302983045425466,0.14179660649035855,0.140706725572555,0.3990068875816409,0.9629138091750395
0.26520551086312666,0.2637289171585202,0.8338128349068639,0.8319015201207437,0.8323537465215647,0.15089018783549527,0.15066859882400102,0.15107649649323113,0.5781683858727744,0.5782057244855631,0.5782649663923615,-0.2205568413001757,-0.2210440671022728,-0.22087556944403222,0.33424444894378064,0.3375673854447432,0.03588635120706248,0.03413063116138418,0.1350627277572126,0.1351658795069691,0.13573064128227666,0.21544281743079752,0.21538796392307244,0.21538739901805454,0.14677659108066113,0.1466895806940666,0.14672355245521088,0.1964934714970263,0.19666093690557054,0.1964623615777031,0.007877299174479753,0.007973413284252974,0.60234910000636,0.6064986554139519,0.21072811729832255,0.208185941145007,0.2114337074988567,0.4400524788871704,0.4339317895346795,0.4387298954414857,0.5644210244357449,0.5626064054763944,0.5672485602663107,0.1135334763825363,0.11346747516792939,0.11325337443222357,0.20024867300057989,0.19440478805183395,1.0839376289241291,-0.26356136587612844,0.16276541805275596,0.1631627621746462,0.16261360571486538,0.16830316823814165,0.1685221977386844,0.1682797603128366,0.0682409435636269,0.06824823362222532,0.06823816378758799,0.16253391700734407,0.16357265664105855,0.45529793786457984,0.8847681163984066
0.2227848585022836,0.22283345749049766,0.6115176065322787,0.6110573340890421,0.6108036857086455,0.14855689916508252,0.14823808966991844,0.14865814335721364,0.5284642735987738,0.5284275891544001,0.528412588730448,-0.6216488306221497,-0.6227939187499445,-0.6217546072023471,0.3132550448808797,0.30603099730458194,0.029492955545717327,0.031669350509930416,0.13111613637345704,0.13087489920516066,0.1315111104710609,0.22091196507576052,0.22082933891573575,0.22080570389061674,0.15300783185507824,0.15293555689393787,0.1528987227946701,0.17126245566375345,0.17133612318919966,0.17109170088341424,0.00103597234800838,0.001203165952354628,0.5710772362032773,0.5730274975818709,0.19174550534361556,0.19124052157731747,0.1922416876842338,0.4444274257310347,0.4423146115007829,0.4434896280718382,0.4907973351443542,0.4904740071487894,0.4904106571675231,0.11069577179373734,0.11123913053342635,0.11009557451944185,0.2232537133681256,0.22400065890621568,0.8966709221701484,0.8482210023113025,0.15313678691119545,0.15328778504769955,0.1531539890978104,0.15635273292149862,0.155553950077665,0.15595567666808824,0.06364944185183885,0.06367466623966693,0.0636746241202815,0.13312108823848623,0.13399638729896182,0.369205568012323,0.9158940094074832
0.22265109968853306,0.2217255935667487,0.615485455473335,0.6141873690511823,0.6150287508198599,0.1449904951722174,0.14475519510891352,0.1453019334278509,0.5286904298224673,0.5291189521451107,0.5272567372322383,-0.6220418333062248,-0.6210582860357838,-0.6222131289775606,0.3090706620773439,0.3109838274932615,0.030860178650485678,0.031171857612296218,0.13020870842755689,0.13002534270245364,0.13041662466337353,0.22022189812458398,0.2201568094222605,0.22009418461357905,0.1512347040160632,0.15130656684181018,0.15111066128431608,0.1711719684547668,0.17089294641843458,0.170796068184646,0.00037790186279551416,0.0007869355688374933,0.5652150868191745,0.5734739214081487,0.18943542800031798,0.1873907200230134,0.18834985306569696,0.4381057830725665,0.43923467728792576,0.4395568851633541,0.4871504036277309,0.48956174864553315,0.48770586445009445,0.1078886451045915,0.10844245024888793,0.10860148060033628,0.22359382666488234,0.21269492642213958,-0.5320782436155433,-0.5859521077593385,0.1518061412512521,0.15138004876287683,0.1516458446227659,0.15569524222390804,0.1556189719322329,0.15604964328825344,0.06339881402914299,0.06336442425091572,0.06339971209213052,0.13279548496798227,0.13288646107641078,0.3725164946164744,0.9254966912087188
0.26789979554009885,0.2678929574236434,0.842370502679255,0.8428868920631485,0.8412623615789709,0.1570107525981258,0.15659035480422287,0.15705075927714973,0.5785578771469138,0.5794124671602582,0.5789685281738802,-0.18905112612684818,-0.18787055881085646,-0.18923756695428273,0.3408922183977864,0.33958894878706125,0.03355556134274338,0.033698597855543966,0.13589813761216804,0.13588584264485645,0.136076268379441,0.21514917191965857,0.21516786336157143,0.21503041683782256,0.14879097845007616,0.14882349276235182,0.1487244166416883,0.19869400109579013,0.19894952166785843,0.19871096180166728,0.009102222453886009,0.009261126033259503,0.6016388576759174,0.6088689533487106,0.21658167611216478,0.21572148382543982,0.21844761305338078,0.4436336274377011,0.442144947435632,0.43906598343256026,0.5723809828581182,0.5684614464154758,0.570113224707405,0.11724057483431306,0.11816125455840737,0.11761617390589846,0.20494892724920846,0.21928398857895925,-0.16384323663507255,0.5450893981530714,0.1652746002498052,0.1652485373609689,0.16544926374341493,0.16982045446335026,0.1688400823610159,0.1694579571656776,0.06882240011228125,0.068858709793639,0.06887795905310302,0.1648203755291054,0.1668008734321385,0.4619206188873148,0.8473509984320862
0.22658743049318827,0.22588963383187255,0.6558624649145189,0.6548619027301038,0.6550856793535365,0.13679101102894994,0.13658981190698913,0.13699087027255352,0.5346333128117499,0.5342601787487589,0.5358125510396381,-0.5731784995862617,-0.5725915611875155,-0.5728892865867091,0.30677600053992093,0.31229784366576746,0.030261204718873065,0.03055653744943266,0.1306552205914125,0.130745305840341,0.1306326415991013,0.21876835284444612,0.2186038776827813,0.2186100189738474,0.14525899080879018,0.14508265664264505,0.14501075042787612,0.17326709537053517,0.1736167407286424,0.17310837377130772,0.0006645860345713152,0.0003772087850624847,0.5742574257425739,0.5742073319798903,0.18533770968438024,0.18187109794632303,0.18533645464959897,0.43494673361452274,0.43333776848058936,0.43623154922346297,0.49698775546002655,0.49797466764764087,0.49691684420322885,0.10319625877510216,0.10334784864348151,0.10304272754307862,0.20814933761541538,0.2116846035580934,-1.1469978825910248,-0.7757612211926533,0.14917947639835274,0.14893819577355422,0.14912814650404932,0.15602037498645274,0.15612469746776012,0.15685197366043369,0.06279229469821906,0.06278897540081264,0.06280990083173384,0.1357403856589848,0.13616545880577746,0.38410622779698195,0.9811258284395423
0.22589952802247149,0.22537390407426539,0.6612943352896148,0.6609977901889483,0.6617878361426143,0.13547101236883755,0.13538082152879857,0.1356358397216332,0.5374225729039714,0.5359068796902693,0.537068911363779,-0.5675454611145236,-0.5683016010827026,-0.5688935968312753,0.30714719578862126,0.3100067385444739,0.030117971822182763,0.030648180877944332,0.1311593472280236,0.13104769035825373,0.1311798845029451,0.21874877647703686,0.2187286013342985,0.21866381080922484,0.14434972773991703,0.14425712861622814,0.1440129134892243,0.1730642449240156,0.17328311327199902,0.17340599726266023,0.0011271900390280932,0.0014177847438556765,0.5743740326923487,0.5798301463632402,0.18299128894138497,0.18176097519316428,0.18274189823724113,0.43551570114124255,0.43535877848171517,0.4345925772340866,0.5007354309411974,0.4967200160178376,0.4967036819050077,0.10153334954087848,0.10166779854826731,0.10088714653314805,0.20624247290244885,0.2238633867779486,-1.251391753035408,-0.953567452784297,0.14820127870595945,0.14751759370533574,0.1484043856197991,0.15637440843900155,0.15663764765379476,0.15649779178442616,0.06250156642389186,0.06247372950901703,0.06255498240563022,0.1346188632828045,0.13693442729983235,0.38410622779698195,0.9817879807354972
0.21800775801119768,0.21681661031841581,0.5886450625159478,0.5867175708636094,0.587223555931966,0.2007381943339502,0.20020066316985166,0.2004650598680936,0.5019160457840712,0.5022060764521766,0.5051950499403227,-0.575634766361729,-0.5763575566993743,-0.5761316905685777,0.304751299183371,0.30690700808625265,0.035691033620667,0.035439822997263885,0.13127457617353488,0.1309468955189494,0.13129509353533314,0.22151393837359534,0.22137714475769374,0.221502552667097,0.17224892795160285,0.1722095595107059,0.17232345487739845,0.17823295385052898,0.1780285903791801,0.17798581560283688,0.0019286026101289781,0.002510389500588717,0.5784552759344459,0.5813607423390483,0.22280548331042938,0.22120290004899337,0.2234329649033041,0.4573864978690296,0.4579390579274845,0.46079124828450974,0.5015236043108935,0.5022196315660398,0.5014453588054384,0.1494489182973621,0.1498954080899536,0.14977650782307422,0.2400084749542802,0.2440808258291235,-0.30904590233028173,-0.5136295599589353,0.1725696548483237,0.17195961484250968,0.17210167788805333,0.1550160760088148,0.1548820575804646,0.1559990458773952,0.06645647346603241,0.06645183242929485,0.06640874920025591,0.12841792988676234,0.12753269929704675,0.3443708039121183,0.4943708776698384
0.24561939884967435,0.24422669188012194,0.7621746619035468,0.7615441930368664,0.7609702048535714,0.13689359617462085,0.13663157323266067,0.1370075990447871,0.5542209546305487,0.5553530350835293,0.5553238268735472,-0.4033358396186162,-0.4034819888115312,-0.4024829439840531,0.31669703718701475,0.32169811320754693,0.03225344410010686,0.03354149483523831,0.13445777579327914,0.13428752447874676,0.13414651708693973,0.21841353118515322,0.21833242032359676,0.21829215812843536,0.14151298261634285,0.14154041452929328,0.14133211880098667,0.1829611591113161,0.18358074879943914,0.18332910289909168,0.004613008945849221,0.005677642575165306,0.5815400597875634,0.5836991528576441,0.19356267532851035,0.19150346774302293,0.19275109012121508,0.43494673361452274,0.4347623955148851,0.43766713071295277,0.5279327456997144,0.5288907528976057,0.5288047397821244,0.10210262698133463,0.10314252179187193,0.10252861449926935,0.20692269949596312,0.2170656709861628,-0.29407831583238453,-0.9434543665500039,0.15075745396534884,0.15095102446551234,0.1505311291412113,0.1607167371120985,0.1606256547339523,0.16094313573839697,0.06384994410999553,0.06386981845839752,0.06389955214331414,0.14929995296841655,0.14776527599439973,0.41556284510548885,0.9486753990504834
0.2621290581468676,0.2619525146600962,0.8282916560347027,0.8272462697497882,0.8266003986270927,0.15005799201092004,0.14994612788988373,0.1502431945263457,0.5765475996029703,0.5759556522067052,0.5765814435580123,-0.23755420738640934,-0.23764719514151028,-0.2379718813484306,0.3403522980360403,0.3416778975741235,0.03398526003281334,0.034916146262912,0.1355956616302016,0.13546826402488182,0.13558662999179147,0.21578785090638578,0.21567409465302367,0.2156343524441054,0.14568054643986544,0.1456797366617516,0.14558427959157458,0.19448783742531073,0.19430861436052083,0.19455617767823813,0.007636223848213572,0.007537672101508278,0.5981512498144888,0.6025552449485021,0.20847028359209074,0.20607113480373437,0.208368236833645,0.43548774495134834,0.43697157123095803,0.43737409041991243,0.5582946061681382,0.5570842796534367,0.5592087889184026,0.11013668698649888,0.11037395956384496,0.10998061522445517,0.17949618627057426,0.2030364594772676,0.5276730096102935,-0.5756362937595203,0.16118125718808354,0.16031908527568822,0.16125639940713468,0.1670821140854739,0.16762634107575036,0.16702205324293257,0.06753918566007851,0.06752266768079099,0.06759337012156108,0.1596975507398431,0.16196217545539612,0.44701995910265524,0.8778145073571355
0.27263867922725665,0.27354688365518737,0.8560474610870119,0.8556872385003854,0.8565642929463382,0.16474755679867348,0.1643590054122678,0.1647742243077425,0.5831312585593847,0.583309240380627,0.5835668069602363,-0.13108323022581977,-0.1296777412058753,-0.13021926417319726,0.34173584396301554,0.34204851752021587,0.03385504830854969,0.03443174528363641,0.13558125801201265,0.13523787582075783,0.13584585031466467,0.21379106143064092,0.21374699195899283,0.21366117011912453,0.1517768894123385,0.151228686839318,0.1516802977161342,0.20224587263975047,0.20325381380998578,0.20240985442329226,0.009649528600003813,0.009970018405187223,0.6090911018296693,0.6118344830518389,0.2243182773228544,0.22351547786532663,0.22513097302657498,0.43641896169923233,0.4374034076102403,0.4388416614831709,0.5797507001705536,0.577135010704228,0.5794485491345017,0.11966604403519553,0.12033174466566135,0.11982603077969163,0.1933850751594635,0.18486712057983762,-1.6073537382823782,-0.7553346511627403,0.1699281500810012,0.16966118207939546,0.17009617977972924,0.17127993930855098,0.1708051872990643,0.17121441014261235,0.06982491140306467,0.06984447869338084,0.06985264715291109,0.16919793061032531,0.16817921318563334,0.4768212786719737,0.7675496765712027
0.23428811648481865,0.23534467938800113,0.7074317427915285,0.7072923764702885,0.7070027190697852,0.13552963245207808,0.13527015401576906,0.13562433869072263,0.545363169202548,0.5444546403026912,0.5446070733086248,-0.4988027416251121,-0.4976646243950573,-0.4988380198896869,0.3141999055139373,0.31586927223719674,0.03217531706554838,0.030425618265844688,0.13147622682817928,0.13188284759820293,0.13208715563300158,0.21862397713480286,0.21850850077279751,0.21854889188819124,0.14207073314361165,0.1419233245415464,0.14196533652018317,0.1774474055527326,0.17722290496895773,0.1766908050267513,0.0021566468376780236,0.0024193391041942183,0.5758581211440204,0.579043590097895,0.18768640188985677,0.1860175567132179,0.18657260456334013,0.4362520120581741,0.43470689056549705,0.43889774197051823,0.510688934638501,0.5100247731497443,0.5086786661250764,0.10249674213241963,0.10315348768265774,0.10256366766134722,0.20692269949596312,0.1919997803645946,2.2766163083629003,0.4088470189026961,0.14849807699442266,0.14872553819676262,0.14908979336317452,0.15852750984429753,0.15859552794133575,0.1589192393040688,0.06318828665807849,0.06326434619002823,0.06323976327575177,0.1421366810173294,0.1424985672520983,0.3990068875816409,0.9549668889083812
0.21766380677583963,0.21660649819494587,0.5882272263332482,0.5870073299496266,0.5872776826138729,0.16279529866932407,0.16253507951356405,0.16293615045857748,0.5193300750084808,0.5192387464960468,0.5187511778378039,-0.6404147087867204,-0.6402812370397926,-0.6401937328770144,0.30397516366335925,0.3081536388140157,0.032917523893851296,0.03055653744943266,0.13012228671842374,0.1301693353300311,0.1304022235343252,0.22126678673505343,0.2211228063310704,0.2212433738239149,0.15941807163592123,0.15936065709954106,0.1592321975639284,0.17131714573511903,0.17109511469813188,0.1708617643399278,0.0005277594980419826,1.951079922732503e-05,0.5700383742871076,0.575854848481628,0.2004247634839692,0.1976074146323924,0.19935068169366116,0.4425161673402402,0.4448776804757206,0.4456913795997353,0.48583243552682576,0.48717210526752286,0.4848660689437925,0.11703332462555287,0.11809092160371241,0.11769231088159454,0.2089020473705338,0.22022842082143657,-0.6107196152580843,1.0099558155255464,0.16091908536660773,0.1581554180699593,0.1591160467067024,0.15517502980383646,0.15450637575407292,0.15466905679197968,0.06469706615070754,0.06467044294549747,0.06471429142674345,0.12862052747729835,0.13078267934739238,0.3609270925617396,0.8052979865795369
0.2616131312938302,0.2600233033446029,0.8185251339627456,0.8176746674138842,0.8184304535815943,0.1534610972004723,0.15328076974475474,0.15361299658314825,0.5705293312057895,0.5712920945784571,0.5703498963502733,-0.2630666316275963,-0.2634524513445075,-0.2640748709802427,0.33691030572990516,0.33557951482479786,0.03269616396260299,0.03435319377348382,0.1352211675572904,0.1351658795069691,0.1353418107979666,0.2166663403938765,0.21666699274157258,0.21656837431293158,0.14564941617787833,0.14598736267159565,0.14579708226769802,0.1928879042466343,0.19284264535700132,0.19250765210899592,0.006600251500205192,0.00704990212082397,0.5931265503424,0.5971343842008484,0.20605344751218066,0.2033472822154001,0.2071637830715381,0.4387909065995509,0.4406238756311227,0.4441562749918545,0.5532514818251962,0.5557040443855229,0.5545867197519738,0.11584871414269383,0.11421277760719728,0.11419754831399943,0.2021555377135464,0.2037722380847796,-0.21404641570648153,-0.953567452784297,0.16084612245402719,0.16108687803840693,0.16139249119733556,0.16602001372782782,0.16566846078820938,0.1654318489016747,0.06725848249865914,0.06724745301335039,0.06732345649392195,0.1559060815455302,0.15933607550400095,0.43874198034073125,0.8668874216262442
0.21361282555939862,0.21631998166294197,0.5874202602704772,0.5865169684194438,0.5869752099796864,0.19802492190967477,0.1974339753441133,0.19777486418328044,0.5019160457840712,0.5010747551946503,0.5023305484012814,-0.5812350546097945,-0.5816299504159765,-0.5825182438661979,0.2947627724910574,0.30603099730458194,0.033881090653402515,0.035898040139821785,0.13022311204574583,0.12999654417693804,0.13012860208240318,0.22066726048314472,0.22062635728679592,0.22045850204408982,0.1696923551859125,0.16957721542647092,0.1694687848318405,0.17617959026198526,0.17651979755286754,0.17603782505910162,0.0008665680646863266,0.0016193963358719994,0.5731337587720226,0.5777680934513882,0.21697009619643615,0.21517761226902316,0.21664093241022067,0.4566990118471245,0.4544347667256882,0.45375986098358057,0.4973350258319377,0.494609973947319,0.4962240667340101,0.1406794786807863,0.14151255178547395,0.1398572167864693,0.24227775547526673,0.24781462771798798,0.5381141708537543,-0.0526359419692746,0.16980943076561594,0.16898240876742676,0.16954933822274013,0.15469816841877101,0.1542101650832642,0.15470519779973554,0.06622589586915224,0.0661666099557655,0.06616882597568777,0.1299301761875475,0.12903436418638065,0.3476822272049291,0.5721853784044578
0.2171478799228022,0.21849750730617187,0.5880262822148509,0.5875327173033937,0.5881214220671297,0.16795281920728897,0.16785547240411597,0.16821512364653776,0.5170308200675956,0.5187107965758677,0.5174445631006971,-0.6345196685255988,-0.6341574008596401,-0.6349862355728011,0.3054936896807717,0.30741239892183214,0.03174561837547842,0.030582721286150347,0.12987742520921253,0.12989574933763398,0.13031581676003406,0.22128391605653655,0.22097607262340307,0.22102087123212652,0.1609836643950223,0.16091436314925966,0.16083081278944086,0.1711252333028726,0.17168767689724473,0.17169391564016426,0.0005733683435518391,0.0008649787657467934,0.5701019780778933,0.5699663056302552,0.19928221785596656,0.19968626252365404,0.2005098552391475,0.45069039976564046,0.44580197566127655,0.4496557171489786,0.48624252272369023,0.4874078707768059,0.48713032624489744,0.12102770433209559,0.12175126032117209,0.12141058447190148,0.22777554752665138,0.22521414452009697,-0.1537923991764161,-0.23207098629772963,0.16070266994793664,0.16052556094617781,0.16022705059397874,0.1548571222137929,0.15478813712386674,0.15486421823386137,0.06491260607822594,0.06495066151598246,0.0649192258477287,0.1297926992511124,0.12960746334704412,0.3592714636967772,0.765231663402925
0.24603978369289004,0.24581208335721003,0.766888874712937,0.7667120940984671,0.768032144881208,0.13640998048788655,0.13622544434050513,0.13651932800521935,0.5570102147227702,0.5573139919299087,0.5574093850116214,-0.39717879756811114,-0.39676869246430485,-0.39560511735584675,0.32128636026186197,0.3244609164420485,0.03267012161775064,0.033816425120772854,0.13346392613824584,0.13332277387397762,0.1339160990221634,0.21793146313770018,0.21786531802085576,0.21776891027521866,0.14128858531118588,0.1411977425183278,0.1410388663326703,0.183530930218452,0.18416036426142848,0.1837372153788727,0.004502244606753923,0.004598045017917464,0.5838934000466426,0.5859100137115894,0.19177503435587,0.1897212770643522,0.1918296377129868,0.4353767076900785,0.43669286552764736,0.4367185016241619,0.5301242232344028,0.5306797273650303,0.5280160392787061,0.10303732919789263,0.10166250466995697,0.1030265201670641,0.19657990989785437,0.20102679551943806,0.18122294886909848,-1.6434290670319767,0.1511865748240852,0.15056650989352283,0.15117942094180467,0.16099129366713621,0.1606979012390276,0.16114552538182975,0.06408553426332962,0.06411000580452751,0.06414447376839409,0.14873557396620973,0.1490710715503422,0.41887426839829967,0.9536423525283988
0.22872757151319423,0.22665367791721627,0.666448711405971,0.6674425417284926,0.6669426066136438,0.133890363695745,0.13347128491246826,0.13378312819676383,0.5366310261210439,0.5378426960642592,0.5375086374772283,-0.5642049382998878,-0.5647320922932018,-0.5639808635254135,0.3104542080043192,0.30849056603773534,0.030339331753431068,0.03231085450951118,0.131245768937157,0.13101889183273813,0.13133829692247884,0.2189323049214987,0.21880441374992662,0.21870048706061854,0.1433691244873235,0.14335372058731907,0.14313445366156852,0.17334962766005044,0.1737173269170632,0.17356625606569617,0.001407358661445445,0.0017559719304635114,0.5715648652659701,0.5838904773546204,0.18312076230280866,0.18245767016212763,0.18393955996685488,0.4347805714717714,0.4342502541024456,0.43314001362518884,0.49673885860643835,0.4936633576562776,0.49691684420322885,0.10036534927511502,0.10053717739483711,0.0998608050241358,0.20412930996030187,0.20048868877663095,-2.2133314141878455,0.21432623257405037,0.14710559835771617,0.1474631929298774,0.1475457701434407,0.1564972363715185,0.1564064588375537,0.15627371753633992,0.06247149108516834,0.06253377634554952,0.06256997760716569,0.1373828732679715,0.1394734742141649,0.38741715440113333,0.9867549342134126
0.220319874648883,0.2192615513915156,0.5936718550650677,0.5923853859527343,0.5922223142022045,0.15521551254888494,0.154865612053989,0.15527750942038987,0.5220313854581548,0.5215642401920734,0.5224197499842956,-0.6398907052079539,-0.6402812370397926,-0.6406522546522281,0.30694472565296677,0.30657008086253296,0.029662230787259977,0.030595813204508954,0.13032393737306813,0.1305293168989748,0.13044542692147065,0.22095356485650522,0.22084401228650244,0.2208008137237643,0.1561143725825406,0.15613772299640719,0.15605962108147878,0.17048187919062666,0.17041889665914434,0.17040786363070795,0.00028016862241735167,0.0006048347760484955,0.5694977420654274,0.5745155770027954,0.19496871060432255,0.19288112585906989,0.19455324274271318,0.44216336809875867,0.4413698464048144,0.4433055892894168,0.48583243552682576,0.48587243308820843,0.48786336770378014,0.11351611115557277,0.11441961699546695,0.1132247288374072,0.21053570632053173,0.22548319789150012,-0.6009105124161498,-1.8517213601911922,0.15580797150736428,0.15654194052511577,0.15598964712635993,0.15539178497886627,0.15514936964924333,0.15557258198587617,0.06439631276347252,0.06456035707852123,0.06445437460012798,0.13163778445063484,0.13185633347116724,0.3642385158545498,0.8672184812179311
0.26793801234402764,0.26697610452123105,0.840743812196989,0.8400880103421705,0.8388998911098516,0.15553896979390852,0.15535630763062938,0.1557208218845798,0.5788971114824543,0.5798901361356581,0.5800364344494,-0.1962561753348856,-0.19681070467813871,-0.197130691799034,0.3413646487143152,0.3376684636118601,0.03337326492877408,0.03363313826374998,0.13608538464862377,0.13613063011173823,0.13617707628278047,0.21548441721154224,0.21526813139514409,0.21526025467988968,0.14829159716403315,0.14836529874768956,0.14831438221696275,0.19807451174195828,0.19840077919439428,0.19835958691053873,0.00849627636354145,0.00916357203712264,0.5983844637140375,0.6024383244225724,0.21468500494043086,0.21218856611185777,0.21451276222905452,0.4403753531929907,0.4404412210459021,0.43975316686906984,0.56787002369261,0.5675373403991902,0.5678205457665375,0.1164663122147006,0.11689790831305279,0.11665956180532074,0.19732704402515758,0.205243795299802,-0.20401553798682373,-1.1597299393033838,0.1650149017473999,0.16456358214269814,0.16466488015262076,0.16909793721325092,0.16921576418740733,0.1685616601733324,0.06871212387029509,0.06870358879926342,0.0687380038387716,0.16261350891791185,0.1671128134816136,0.45529793786457984,0.8632450045283111
0.22297594252192704,0.22460985998892166,0.6364538147486604,0.6362695587383062,0.6360299033997925,0.13714168474119232,0.13705545068822664,0.137524099887499,0.5312032767523965,0.5314570160773323,0.5320685972736982,-0.5981341700250097,-0.5998704678081961,-0.6000730775458105,0.306472295336438,0.30411051212937956,0.029492955545717327,0.03034706675569162,0.1301654975729903,0.13018373459278892,0.1304022235343252,0.21881729376296927,0.21866746228943712,0.2187200477280285,0.1469893145375729,0.14709325870698428,0.14693635513133432,0.17170892551908332,0.17218861603363764,0.1720671892497201,0.00020849757947322364,0.00022112239124364791,0.5717132741111366,0.573123159830359,0.18608274937818717,0.1853792942255224,0.18752348911237182,0.4379939583129896,0.4365814619767477,0.43909402367623385,0.4941408495442225,0.4907287286789194,0.49324453149887426,0.10455980659667218,0.10448565434604726,0.10525748432124829,0.21962397966010977,0.21034482758620707,-0.017480688329347235,-1.1246953191345828,0.1499313653957929,0.15006577548305414,0.15011790497823765,0.15575304360391595,0.15553227612614245,0.1561436099084186,0.0630679853031845,0.0630691939712976,0.06312979846449138,0.13410513367823168,0.13533845495368046,0.37913917563920935,0.9831125171154795
0.25945388187185947,0.25807499092697694,0.8143084970655778,0.8126468696466213,0.8132724991880996,0.15103464446919512,0.15067903915541891,0.15113086500299025,0.5680164842758603,0.5681495355297725,0.5675984672404044,-0.28104650442401685,-0.2815947253755483,-0.2814659468829932,0.3250658027940875,0.33126684636118625,0.03490976327508508,0.03471976748753005,0.13440016132052365,0.13466190531044797,0.13463615547458926,0.2168302924709291,0.21687486549410132,0.21675175556990006,0.1449347172464246,0.14502424664077593,0.14509898568382973,0.19107219387729735,0.19136671732492525,0.19109717556302103,0.00596824321242636,0.006620664537821636,0.5908262132423091,0.6071151454597637,0.20507444718281864,0.2025427118964038,0.20528465408178503,0.43957525491320193,0.4405254626002926,0.44247109584036803,0.5526636111614831,0.5515941421156578,0.5494447714248833,0.11271806572511901,0.113024680060683,0.11277431455049215,0.2028357643070615,0.20155941137711414,0.18122294886909848,-0.7757612211926533,0.16058518729208662,0.16064919907221947,0.16055614528664636,0.16552147682525917,0.16558176498211893,0.1651138080334233,0.06688254076461536,0.06686215247893355,0.06690359085092772,0.15576136898086176,0.1576965766393175,0.4304636704530345,0.8807946397087867
0.24477862916324294,0.2441502874715873,0.7594220464404186,0.7593471186483854,0.7594705773724999,0.1388940065152035,0.1385682547106775,0.1390004140371128,0.555552763503411,0.5553027541387506,0.5552735724605817,-0.40608685840713943,-0.4051521259515724,-0.40588910574278375,0.31855301343051884,0.3220013477088951,0.032110211203416554,0.03276907165206908,0.13383842021115702,0.1336539569174057,0.13357047192499905,0.2182177675110606,0.21798515054878406,0.21806721045322067,0.14156875766906976,0.14150796452825487,0.14140348555212562,0.18264395669739586,0.1832919369713001,0.18305536891875074,0.005030004104795906,0.005040289800404523,0.5808404180889183,0.5906399804423852,0.18991697804631522,0.18954148481429717,0.19095346552137896,0.43576533810452306,0.439697218532827,0.4404134948609342,0.5286272864435365,0.5280448404673134,0.5270224661219974,0.10291615011408198,0.10361821457147569,0.10262284342958632,0.189654980150765,0.2030364594772676,0.9179790524223077,0.5779312961683112,0.15107651212544673,0.1511859369049915,0.15141820017370256,0.1600158953795021,0.16008380594588742,0.16020585918017738,0.06371460508573978,0.06373971697924381,0.0637446017274472,0.14509605296479858,0.14622008458653427,0.4105962896363757,0.9437084786851495
0.23975311944662067,0.24294691803717106,0.7407501913753508,0.7405286988861789,0.7407491132775935,0.1402726252585564,0.1399954480155018,0.14052168676210433,0.5497732155645737,0.5500358251731552,0.5499089138764998,-0.4404745932636817,-0.4407162226983423,-0.44116253087887103,0.3186542484983461,0.3195417789757405,0.033334201411495075,0.03346294332508571,0.13295979950163472,0.1330203893560649,0.132764008698282,0.21822755569476524,0.2181196564474791,0.2180916612874831,0.14251952775392568,0.14235815455546097,0.14227675507060766,0.18073875348400606,0.18094160623196173,0.18094413338310314,0.0036291609927089105,0.0034013826653051986,0.5819746856912671,0.5835503449155515,0.19073697600199893,0.18797279743256667,0.1892486653656151,0.4366831673811901,0.43458249649452785,0.4378345823089758,0.5183395498285575,0.522226526818623,0.5200982441347801,0.10513927667034605,0.10502487366537548,0.10562083107655044,0.18314822248985255,0.19427300680869788,-0.05797456325379961,-0.5136295599589353,0.1518395310587043,0.1509312423653457,0.15186111709090186,0.15922835157689397,0.15930354369107405,0.15933847499403672,0.06384493155354164,0.06381477552490944,0.06385456653870764,0.13982127998263455,0.1433255711041953,0.40397360861364073,0.9456953991491589
0.2296829916114114,0.22925142780738467,0.6830377647359019,0.6815802377935005,0.6824960678557557,0.13386733437732906,0.13372394093278092,0.13417416324772383,0.5378623211167091,0.5392757029904595,0.5389660154532322,-0.5394785194268503,-0.5417758935643936,-0.5389586752208908,0.30940811230343557,0.3176549865229108,0.029401807338732672,0.029234253695193866,0.13079925677330137,0.1305869139500057,0.13097826869626591,0.21819819114365133,0.21800226948134527,0.2180085284509908,0.14309803178918587,0.14320445058254244,0.14311758515675385,0.17557203328736048,0.17584457541673557,0.17561179544606198,0.0008535369659691908,0.0010600867580205168,0.5728051391862954,0.5766945504405777,0.18633715317607236,0.18504892596604627,0.18638016364270277,0.43352175542822585,0.43938898892026734,0.4373460501762389,0.5042922855012842,0.5042064595010539,0.503426583943905,0.10422609223502549,0.10411394846182588,0.10331222228378512,0.19162317676970447,0.2036349659565125,0.48596159060710836,-0.897866251552838,0.14927469918256808,0.14840284268779394,0.14962550013732892,0.15753766121166138,0.1571722717913522,0.15759647842020436,0.063218361996802,0.06321430715958448,0.06332973448496483,0.1383017980536161,0.1394807286339203,0.3890729488289818,1.0
